Customer_ID,Customer_Name,Customer_Type,Industry,Segment,Country,City,Postal_Code,Registration_Date,Region_ID
1,"Ball, Johnson and Burch",Company,Education,Corporate,Belgium,Brussels,37883,2023-06-02,4
2,Martinez-Chandler,Individual,Manufacturing,Consumer,Italy,Milan,52421,2025-11-24,13
3,Swanson-Lee,Individual,Logistics,Consumer,Netherlands,Amsterdam,06608,2023-06-15,13
4,"Hooper, Adkins and Hill",Company,Finance,Consumer,Spain,Madrid,66013,2025-10-05,4
5,Maynard-Jackson,Individual,Logistics,Consumer,Germany,Cologne,63919,2024-02-24,16
6,"Friedman, Carter and Hensley",Individual,Retail,Small Business,Spain,Madrid,89614,2023-01-08,11
7,Garcia-Schneider,Company,Education,Consumer,Italy,Rome,86939,2022-10-31,15
8,"Cuevas, Gonzalez and Johnson",Company,Healthcare,Corporate,Italy,Rome,73941,2023-10-16,18
9,Clark Group,Company,Finance,Corporate,France,Marseille,84621,2022-09-13,19
10,Chapman PLC,Individual,IT,Corporate,Spain,Madrid,52095,2024-01-15,20
11,Lopez LLC,Company,Telecommunications,Corporate,Austria,Vienna,86845,2023-03-16,17
12,Mcknight Inc,Company,Finance,Small Business,Austria,Vienna,65779,2025-11-29,19
13,Smith and Sons,Company,Education,Consumer,France,Paris,18175,2025-07-29,8
14,Rodgers-Graham,Company,Logistics,Small Business,Netherlands,Amsterdam,87900,2023-03-20,9
15,Tucker-Santos,Individual,Retail,Consumer,Netherlands,Amsterdam,01645,2023-12-24,16
16,Compton-Murray,Company,Telecommunications,Consumer,Italy,Milan,62173,2025-07-30,4
17,Stafford Group,Individual,Finance,Corporate,France,Marseille,41006,2023-02-18,9
18,Gaines LLC,Company,Healthcare,Consumer,Belgium,Brussels,10213,2023-07-30,19
19,Meyer-Lopez,Company,Healthcare,Consumer,Belgium,Brussels,92747,2023-01-31,9
20,"Garcia, Brown and Rivera",Individual,Healthcare,Consumer,Germany,Cologne,74827,2026-01-30,19
21,Miller PLC,Company,Healthcare,Corporate,Belgium,Brussels,51412,2025-01-16,13
22,Reed Ltd,Individual,Healthcare,Corporate,Spain,Madrid,47895,2024-08-12,14
23,"Rodriguez, Williams and Welch",Individual,Retail,Small Business,Spain,Barcelona,16536,2025-01-17,12
24,Yates Inc,Company,Healthcare,Corporate,Netherlands,Amsterdam,06864,2026-01-18,12
25,Strong-Lee,Individual,Logistics,Corporate,France,Paris,34306,2024-12-14,13
26,"Walker, Stone and Hernandez",Company,Education,Consumer,Austria,Vienna,87206,2025-01-25,13
27,Malone Inc,Individual,Finance,Corporate,Austria,Vienna,31772,2024-06-05,3
28,Stewart PLC,Individual,Logistics,Corporate,Germany,Frankfurt,42441,2026-07-09,16
29,Bowers-Brown,Company,Healthcare,Small Business,France,Paris,56217,2023-02-20,17
30,Sutton Ltd,Company,Retail,Small Business,Belgium,Brussels,32608,2025-10-09,18
31,Jensen PLC,Individual,Healthcare,Small Business,Switzerland,Zurich,59398,2022-11-26,5
32,"Robertson, Ramos and Martin",Company,Logistics,Small Business,Germany,Cologne,72009,2023-01-09,8
33,Osborn-Nunez,Individual,Education,Small Business,France,Paris,00923,2026-03-20,12
34,Roberts-Reynolds,Individual,Healthcare,Small Business,France,Paris,76262,2025-12-01,7
35,Beck Ltd,Company,Manufacturing,Corporate,Austria,Vienna,26159,2022-11-17,18
36,"Beard, Torres and Crawford",Company,Healthcare,Small Business,France,Paris,26024,2025-08-07,1
37,Johnson PLC,Company,Logistics,Small Business,Netherlands,Amsterdam,86300,2023-01-29,14
38,Anderson Inc,Individual,Finance,Corporate,Netherlands,Amsterdam,37131,2024-02-01,6
39,Clark PLC,Individual,Healthcare,Consumer,Switzerland,Zurich,21468,2024-12-25,11
40,King Inc,Individual,Finance,Consumer,Netherlands,Amsterdam,30301,2025-05-24,4
41,Edwards PLC,Company,Manufacturing,Small Business,Switzerland,Zurich,19017,2023-02-05,4
42,"Waller, Todd and Wilson",Company,Education,Consumer,Spain,Barcelona,73550,2023-07-14,20
43,"Green, Ramos and Williams",Company,Retail,Consumer,France,Marseille,43629,2025-06-24,7
44,Lawson Inc,Company,Retail,Corporate,Austria,Vienna,80179,2024-04-17,7
45,Wallace-Hansen,Individual,Manufacturing,Small Business,Switzerland,Zurich,29081,2025-10-07,9
46,"Sanders, Clark and Downs",Individual,Retail,Consumer,Austria,Vienna,54968,2023-01-17,15
47,Gibbs PLC,Company,Healthcare,Small Business,Belgium,Brussels,31056,2023-05-17,2
48,Chen-King,Company,Logistics,Corporate,Belgium,Brussels,88843,2025-03-14,5
49,Brown-Klein,Individual,Education,Consumer,France,Paris,78400,2023-07-24,5
50,"Young, Nguyen and Pennington",Individual,IT,Consumer,Austria,Vienna,94016,2025-06-26,1
51,Carson Ltd,Company,IT,Corporate,Germany,Cologne,38242,2026-04-28,9
52,Chapman Inc,Company,Manufacturing,Small Business,Italy,Milan,02795,2026-02-01,14
53,"Morton, Anderson and Salazar",Company,IT,Corporate,Switzerland,Zurich,55251,2023-12-04,7
54,"Schneider, Spencer and Avila",Company,IT,Consumer,Germany,Hamburg,96238,2025-03-18,20
55,Harvey LLC,Individual,IT,Corporate,Spain,Madrid,26420,2023-03-14,9
56,"Evans, Bennett and Barber",Company,Manufacturing,Corporate,Switzerland,Zurich,85490,2023-01-02,4
57,"Simmons, Parks and Walsh",Individual,Finance,Consumer,Spain,Madrid,66420,2022-12-12,5
58,"Brooks, Calderon and Jimenez",Individual,Finance,Corporate,Netherlands,Amsterdam,35567,2025-09-07,15
59,Richmond-Smith,Company,Logistics,Small Business,Germany,Berlin,26688,2023-01-14,1
60,"Stevens, Butler and Rodriguez",Company,IT,Small Business,Austria,Vienna,64022,2026-03-18,16
61,"Woodward, Delgado and Acosta",Company,Manufacturing,Corporate,Belgium,Brussels,16487,2026-05-05,1
62,Valdez-Vazquez,Individual,Education,Small Business,France,Marseille,42703,2026-04-01,12
63,"Howard, White and Harris",Company,IT,Corporate,Switzerland,Zurich,58159,2022-12-03,2
64,"Hinton, Horn and Williams",Individual,Retail,Consumer,Austria,Vienna,16722,2023-06-08,12
65,Norman and Sons,Company,Finance,Small Business,Spain,Barcelona,75986,2024-05-24,18
66,"Cook, Griffin and Thomas",Company,Finance,Corporate,Spain,Barcelona,40463,2024-05-19,1
67,"Cain, Wyatt and Harris",Company,Finance,Corporate,Spain,Madrid,46677,2025-07-08,5
68,Campbell and Sons,Individual,Retail,Corporate,Germany,Munich,37266,2023-04-30,11
69,Liu-Sampson,Company,Telecommunications,Small Business,Austria,Vienna,32891,2024-11-16,12
70,Wilcox LLC,Company,Education,Small Business,Netherlands,Amsterdam,71221,2024-06-23,15
71,Shelton-Estrada,Individual,Healthcare,Corporate,Netherlands,Amsterdam,58489,2025-11-26,18
72,"Garcia, Little and Robbins",Company,Telecommunications,Small Business,Netherlands,Amsterdam,39095,2024-07-26,17
73,Miller LLC,Company,Healthcare,Corporate,Austria,Vienna,04175,2023-01-12,10
74,Flowers Inc,Company,Healthcare,Consumer,Germany,Frankfurt,74290,2023-11-10,8
75,"Hall, Freeman and Fernandez",Individual,Logistics,Small Business,Switzerland,Zurich,88097,2023-12-15,10
76,Wilkerson Ltd,Company,Logistics,Corporate,Spain,Barcelona,54003,2026-04-30,16
77,Ball-Erickson,Company,Finance,Small Business,Switzerland,Zurich,64757,2024-05-31,14
78,"Berg, Morgan and Howard",Company,Telecommunications,Consumer,France,Marseille,59361,2023-01-14,7
79,"Wells, Young and Stewart",Company,Education,Consumer,Belgium,Brussels,58986,2023-06-11,17
80,Sloan-Alvarado,Individual,Finance,Consumer,Spain,Barcelona,71700,2023-07-21,4
81,Martinez Inc,Individual,Finance,Consumer,Germany,Hamburg,25609,2024-09-30,5
82,Young-Wheeler,Individual,IT,Consumer,France,Lyon,47453,2024-03-27,17
83,"Reilly, Ramirez and Sosa",Company,Telecommunications,Small Business,Italy,Milan,98296,2023-12-06,18
84,"Nelson, Hall and Robertson",Company,Manufacturing,Corporate,France,Marseille,96750,2023-08-14,10
85,"Duran, Dean and Wells",Individual,Education,Corporate,Austria,Vienna,71960,2024-03-05,11
86,Martinez Group,Individual,Finance,Consumer,Belgium,Brussels,09094,2025-05-12,6
87,Fitzgerald-Newton,Individual,Telecommunications,Consumer,Austria,Vienna,29631,2025-03-28,7
88,Bradley Inc,Company,Education,Consumer,Austria,Vienna,61254,2023-02-18,17
89,"Johnston, Griffith and Miller",Individual,Retail,Corporate,Italy,Rome,68264,2023-04-04,2
90,"Anderson, Lee and King",Individual,IT,Corporate,Austria,Vienna,84933,2025-09-30,3
91,"Graham, Weeks and Burke",Company,Telecommunications,Corporate,Austria,Vienna,97626,2026-02-05,8
92,"Smith, Blackwell and Williams",Company,Healthcare,Corporate,France,Paris,03346,2024-05-03,15
93,Miller-Day,Individual,Healthcare,Consumer,France,Lyon,23855,2026-07-03,3
94,"Wood, Mitchell and Allen",Individual,Telecommunications,Small Business,Austria,Vienna,29511,2023-11-11,1
95,"Weiss, Nguyen and Morris",Individual,Telecommunications,Consumer,Belgium,Brussels,09480,2024-11-23,12
96,Rojas-Morton,Company,IT,Small Business,Germany,Cologne,17728,2025-11-12,16
97,Stevens PLC,Company,Healthcare,Corporate,Germany,Hamburg,25382,2023-03-02,18
98,"Ritter, Myers and Lewis",Individual,Manufacturing,Corporate,Switzerland,Zurich,11012,2026-03-09,8
99,Freeman-Rose,Company,Retail,Corporate,Netherlands,Amsterdam,27477,2026-07-30,4
100,"Holt, Lloyd and Frey",Individual,IT,Corporate,Netherlands,Amsterdam,78701,2023-06-13,12
101,Lara-Williams,Individual,Logistics,Small Business,Italy,Rome,66953,2024-10-07,19
102,"Fischer, Smith and Davis",Individual,Manufacturing,Small Business,Netherlands,Amsterdam,35863,2023-10-04,14
103,Chambers-Williams,Individual,IT,Corporate,Spain,Madrid,00533,2023-08-27,6
104,Rosales-Zimmerman,Company,Manufacturing,Small Business,Italy,Rome,68453,2024-06-01,16
105,"Mendoza, Reed and Lara",Company,Retail,Corporate,Germany,Berlin,69480,2024-04-19,12
106,Alexander Group,Company,Healthcare,Small Business,Switzerland,Zurich,63607,2026-03-11,15
107,"Stephenson, Jones and Chavez",Company,IT,Corporate,Switzerland,Zurich,78860,2025-03-13,1
108,White-Jones,Individual,Manufacturing,Consumer,Switzerland,Zurich,48932,2025-04-09,14
109,Hogan PLC,Individual,Education,Consumer,Austria,Vienna,41924,2025-01-06,12
110,"Scott, Grimes and Nelson",Company,Finance,Consumer,Italy,Milan,17323,2024-12-02,5
111,Snow-Sanchez,Company,Finance,Small Business,Austria,Vienna,27655,2024-08-16,13
112,Allen Ltd,Company,Retail,Corporate,Belgium,Brussels,78438,2023-09-07,9
113,"Gay, Harris and Jones",Individual,Manufacturing,Consumer,France,Lyon,09240,2023-09-14,7
114,"Yoder, Stewart and Price",Company,Manufacturing,Corporate,Germany,Frankfurt,29954,2024-05-15,1
115,Parks-Marquez,Individual,Retail,Consumer,France,Paris,94138,2026-04-05,10
116,"Snyder, Schwartz and Hernandez",Individual,Education,Consumer,Germany,Munich,72694,2025-11-15,16
117,Baker-Shelton,Company,Manufacturing,Corporate,France,Lyon,98136,2025-03-31,13
118,Clay-Harrison,Company,Education,Corporate,Germany,Cologne,32951,2023-10-04,17
119,Castro-Monroe,Individual,Retail,Small Business,Italy,Rome,53787,2026-06-07,18
120,Stewart-Flores,Individual,Retail,Consumer,Austria,Vienna,93451,2026-06-07,7
121,"Schwartz, Franco and Baird",Company,IT,Consumer,Switzerland,Zurich,95740,2023-04-17,16
122,"Mendez, Parsons and Franklin",Individual,Retail,Small Business,Netherlands,Amsterdam,45053,2023-06-26,12
123,Turner PLC,Company,IT,Consumer,Italy,Milan,75684,2025-07-03,18
124,Miller-Erickson,Company,IT,Small Business,Spain,Barcelona,08285,2024-05-19,17
125,"Thompson, Fisher and Hansen",Company,Logistics,Consumer,France,Paris,43892,2023-05-21,20
126,Moody-Martin,Company,Logistics,Small Business,Austria,Vienna,66702,2023-12-14,15
127,Jones Ltd,Company,Manufacturing,Consumer,Switzerland,Zurich,09183,2022-09-26,16
128,Miller-Guerra,Company,IT,Small Business,Netherlands,Amsterdam,82997,2024-08-02,8
129,"Marshall, Finley and Jackson",Individual,IT,Consumer,Spain,Barcelona,04603,2022-09-08,19
130,David PLC,Individual,Healthcare,Small Business,Switzerland,Zurich,82602,2024-05-07,13
131,Barnes-Barber,Company,Healthcare,Consumer,Switzerland,Zurich,71794,2025-10-09,13
132,Roberts Ltd,Individual,Finance,Corporate,France,Lyon,80322,2025-10-19,4
133,"Jordan, Brown and Martinez",Company,Manufacturing,Corporate,Spain,Barcelona,51670,2022-10-17,4
134,Washington-Williams,Individual,IT,Corporate,Germany,Hamburg,55658,2023-06-19,12
135,"Smith, Nunez and Fuller",Individual,Logistics,Small Business,Austria,Vienna,66526,2026-01-24,7
136,Pierce Ltd,Company,Education,Consumer,Germany,Berlin,11943,2023-07-01,3
137,Sparks-Brown,Company,Education,Corporate,Belgium,Brussels,97220,2025-03-27,2
138,Manning-Russell,Individual,Finance,Consumer,Austria,Vienna,33444,2023-03-25,14
139,Nolan-Esparza,Individual,IT,Small Business,Italy,Milan,47521,2024-03-27,4
140,Randall-Graves,Company,Retail,Consumer,Spain,Barcelona,05711,2024-11-02,16
141,"Dalton, Johnson and Rose",Company,IT,Corporate,Italy,Milan,41183,2023-02-14,12
142,"Jordan, Mccann and Coleman",Individual,Education,Small Business,Belgium,Brussels,31915,2026-07-03,2
143,"Clements, Middleton and Lee",Individual,Healthcare,Small Business,France,Marseille,50331,2025-08-27,5
144,Yang-Hill,Individual,Healthcare,Small Business,Switzerland,Zurich,21800,2025-08-20,17
145,Morris-Martinez,Individual,Retail,Consumer,Spain,Barcelona,39330,2024-05-30,9
146,Gonzalez PLC,Company,Healthcare,Consumer,France,Lyon,36381,2023-01-11,6
147,Andrade and Sons,Individual,Healthcare,Small Business,Italy,Rome,14409,2024-02-29,19
148,Allison and Sons,Individual,Logistics,Small Business,Switzerland,Zurich,44980,2025-04-10,6
149,Carter-Hill,Individual,Healthcare,Small Business,Netherlands,Amsterdam,21201,2025-08-22,4
150,"Dunn, Garcia and Flowers",Company,Manufacturing,Small Business,Switzerland,Zurich,56271,2023-04-14,7
151,Miller-Ortiz,Company,Healthcare,Consumer,Spain,Barcelona,85141,2022-08-29,8
152,Black Group,Individual,Telecommunications,Consumer,France,Paris,69771,2026-05-30,11
153,Wolfe-Allison,Company,Logistics,Consumer,Spain,Madrid,07397,2022-09-27,2
154,Sanders Ltd,Company,Retail,Consumer,Italy,Milan,80539,2023-06-10,2
155,Robbins-White,Individual,Logistics,Small Business,Germany,Cologne,42009,2025-10-19,1
156,"Castro, Kim and Morrow",Individual,IT,Corporate,Spain,Barcelona,27322,2024-11-30,2
157,Dougherty-Brooks,Individual,IT,Small Business,Netherlands,Amsterdam,20298,2025-03-25,4
158,Anderson Group,Individual,Telecommunications,Corporate,Austria,Vienna,99904,2025-12-23,1
159,Avery-Johnson,Individual,Education,Corporate,Austria,Vienna,47261,2025-08-28,10
160,Davis Group,Individual,Logistics,Small Business,France,Marseille,99841,2025-11-27,11
161,Serrano and Sons,Company,Logistics,Corporate,Austria,Vienna,46757,2025-01-27,10
162,Moore Ltd,Company,Education,Small Business,Belgium,Brussels,38883,2023-10-20,20
163,Holt-Cook,Company,Manufacturing,Corporate,France,Marseille,71934,2025-06-04,15
164,Mason-Thomas,Company,Manufacturing,Small Business,Switzerland,Zurich,20603,2025-11-22,4
165,Collins-Castro,Company,Finance,Corporate,Austria,Vienna,61863,2025-07-03,20
166,"Kim, Diaz and Bryant",Company,Telecommunications,Corporate,Belgium,Brussels,30029,2023-12-18,14
167,Wilson PLC,Company,Manufacturing,Corporate,Spain,Barcelona,29243,2025-01-30,11
168,Montgomery and Sons,Company,IT,Consumer,France,Paris,46220,2023-10-08,2
169,Moore-Smith,Company,IT,Consumer,Germany,Munich,64137,2024-01-08,13
170,Sims-Simmons,Company,Finance,Consumer,Spain,Barcelona,56442,2025-07-20,12
171,Hopkins-Thomas,Company,Logistics,Small Business,Germany,Cologne,60030,2024-11-05,8
172,Acosta-Alexander,Company,Telecommunications,Corporate,Spain,Madrid,90376,2025-01-07,19
173,Andrade-Diaz,Company,Retail,Corporate,Austria,Vienna,68031,2022-11-12,1
174,"Wilkerson, Daniels and Reeves",Individual,Retail,Small Business,Germany,Frankfurt,03018,2025-01-29,6
175,"Oconnor, Brown and Sawyer",Company,Manufacturing,Corporate,Austria,Vienna,59681,2025-05-09,7
176,"Davis, Moss and Hill",Individual,Healthcare,Corporate,Germany,Cologne,76144,2022-09-21,5
177,Buchanan Ltd,Individual,Telecommunications,Consumer,Spain,Madrid,72061,2026-06-30,18
178,Gardner Inc,Company,Healthcare,Consumer,Spain,Barcelona,03243,2022-09-02,1
179,Ramirez-Rios,Individual,Telecommunications,Corporate,Switzerland,Zurich,55170,2024-02-13,7
180,Shannon-Sanders,Company,IT,Consumer,Switzerland,Zurich,10142,2024-01-12,7
181,Chapman Group,Individual,IT,Small Business,Austria,Vienna,56914,2024-07-06,4
182,Leblanc and Sons,Individual,Manufacturing,Corporate,Italy,Rome,21964,2026-04-04,16
183,"Arnold, Woods and Hale",Company,Healthcare,Small Business,Netherlands,Amsterdam,14116,2022-12-06,19
184,Hanson-Harvey,Company,Logistics,Consumer,Netherlands,Amsterdam,23789,2023-08-29,7
185,Peterson-Lee,Company,Education,Consumer,Austria,Vienna,56123,2024-01-08,17
186,Ferguson Group,Individual,Healthcare,Consumer,Austria,Vienna,39988,2025-06-07,6
187,Hughes Inc,Individual,Telecommunications,Corporate,Germany,Munich,53852,2025-10-05,17
188,"Edwards, Moore and Garcia",Individual,IT,Corporate,Italy,Milan,91427,2025-04-27,17
189,Mayo Group,Company,Education,Consumer,Belgium,Brussels,76024,2024-08-28,10
190,Boone Ltd,Individual,Logistics,Consumer,Belgium,Brussels,27072,2022-12-21,19
191,Glover LLC,Company,Education,Consumer,France,Paris,70285,2025-03-18,7
192,"Bailey, Haas and Simpson",Company,Retail,Consumer,France,Marseille,41916,2023-07-17,7
193,Nelson-Russell,Individual,IT,Corporate,Austria,Vienna,90120,2026-05-19,8
194,"Golden, Howard and Carter",Individual,Manufacturing,Corporate,Switzerland,Zurich,07112,2023-05-26,19
195,"Jones, Bates and Morrison",Company,Logistics,Small Business,Netherlands,Amsterdam,81433,2026-03-02,15
196,Porter Group,Individual,Education,Corporate,Germany,Cologne,56299,2025-09-25,7
197,"Norman, Alvarez and Lopez",Company,Finance,Corporate,France,Lyon,94765,2025-12-28,12
198,Jacobs-Weaver,Company,IT,Consumer,Austria,Vienna,35587,2023-10-10,11
199,Irwin-Allen,Company,Manufacturing,Corporate,Netherlands,Amsterdam,29772,2023-02-13,6
200,Collins-Baker,Company,Logistics,Corporate,Belgium,Brussels,07696,2022-11-05,5
201,Phillips LLC,Company,Education,Corporate,Austria,Vienna,94664,2025-02-25,15
202,Villarreal-Smith,Company,Healthcare,Corporate,Spain,Barcelona,74910,2022-09-24,8
203,White Ltd,Individual,Telecommunications,Small Business,Italy,Rome,29059,2024-04-20,12
204,Delgado-Nixon,Company,Retail,Consumer,Netherlands,Amsterdam,01529,2025-12-12,11
205,Garcia-Pearson,Company,Retail,Small Business,Spain,Barcelona,86949,2025-05-10,16
206,Ortiz-Garza,Company,Finance,Corporate,Netherlands,Amsterdam,09918,2025-07-15,2
207,Welch-Jimenez,Individual,Education,Corporate,France,Lyon,26740,2024-05-08,16
208,Baker-Mcmillan,Individual,Education,Corporate,France,Paris,50133,2024-06-26,15
209,Hernandez-Pearson,Individual,Manufacturing,Corporate,Belgium,Brussels,73375,2024-10-05,6
210,"Howard, Colon and Hall",Company,Retail,Small Business,Austria,Vienna,62182,2023-11-08,6
211,Cline-Skinner,Individual,Retail,Consumer,Switzerland,Zurich,45013,2024-05-24,2
212,"Young, Shaffer and Wagner",Individual,Logistics,Consumer,Switzerland,Zurich,12082,2023-06-19,19
213,"Collins, Baker and Frazier",Company,Finance,Consumer,Italy,Milan,80741,2026-01-01,5
214,Brown Inc,Individual,Logistics,Consumer,Italy,Rome,92143,2024-05-30,10
215,"Baldwin, Patterson and Johnson",Company,Retail,Consumer,Germany,Munich,87295,2024-04-06,4
216,Lawrence-Miller,Company,Logistics,Small Business,Germany,Berlin,27585,2023-02-17,18
217,Love Group,Company,IT,Small Business,Italy,Rome,63139,2026-03-26,15
218,Cox-Torres,Individual,Logistics,Consumer,Netherlands,Amsterdam,35711,2024-11-06,4
219,Watson PLC,Individual,Finance,Consumer,Switzerland,Zurich,89827,2024-03-28,4
220,"Allen, Lopez and Singleton",Company,Education,Consumer,Belgium,Brussels,72499,2022-10-29,10
221,"Duncan, Johnson and Gonzalez",Company,Logistics,Small Business,Spain,Madrid,11634,2025-01-08,2
222,Taylor-Brown,Company,Telecommunications,Consumer,Austria,Vienna,38891,2024-02-14,19
223,Garza-Peters,Individual,Finance,Consumer,Italy,Rome,68742,2023-06-18,6
224,"Greene, Ross and Harris",Company,Finance,Consumer,Switzerland,Zurich,21247,2026-05-01,13
225,Kirk-Avila,Individual,Manufacturing,Corporate,Germany,Cologne,19354,2024-02-11,3
226,"Singh, Jennings and Jones",Individual,Retail,Consumer,Spain,Barcelona,15149,2025-01-30,6
227,Brennan-Durham,Individual,Retail,Small Business,Netherlands,Amsterdam,22890,2025-07-11,1
228,Reid-Herrera,Company,Retail,Corporate,Italy,Milan,67481,2025-01-29,6
229,"Torres, Owens and Mills",Individual,Telecommunications,Consumer,Netherlands,Amsterdam,78986,2024-09-05,20
230,Sanders Group,Individual,Manufacturing,Small Business,France,Marseille,19873,2026-06-30,1
231,Hubbard PLC,Company,IT,Small Business,Belgium,Brussels,20935,2026-05-13,15
232,Curtis LLC,Individual,Education,Small Business,Spain,Barcelona,19853,2023-08-05,6
233,Haynes-Robinson,Company,Telecommunications,Small Business,Belgium,Brussels,92527,2024-06-04,11
234,"Medina, Long and Trujillo",Individual,Finance,Small Business,Italy,Milan,27273,2024-04-29,19
235,Griffin-Morris,Company,Retail,Small Business,Switzerland,Zurich,02448,2024-10-11,15
236,Moore Ltd,Individual,Retail,Corporate,Germany,Hamburg,76191,2023-04-27,12
237,Johnston LLC,Company,Logistics,Small Business,Belgium,Brussels,95336,2023-05-06,6
238,"Dixon, Waters and Rose",Company,Manufacturing,Small Business,Spain,Madrid,11827,2024-04-01,19
239,Cummings Ltd,Individual,Education,Consumer,Germany,Hamburg,78427,2024-04-25,19
240,"Bowen, Powell and Willis",Individual,Education,Small Business,Netherlands,Amsterdam,42260,2023-02-19,18
241,Ross-Thompson,Company,IT,Consumer,Germany,Munich,19037,2024-03-09,5
242,Foster-Richardson,Company,Retail,Consumer,Austria,Vienna,27111,2022-08-29,13
243,"Moore, Spencer and Scott",Company,Logistics,Small Business,France,Paris,78239,2022-10-21,9
244,"Lambert, Garza and Graves",Individual,IT,Small Business,Belgium,Brussels,74240,2023-10-17,4
245,West-Murray,Individual,Retail,Small Business,Netherlands,Amsterdam,33575,2023-01-02,9
246,Hernandez-Gilbert,Company,Education,Small Business,Italy,Milan,21017,2024-01-02,16
247,"Warren, Cook and Jones",Individual,Telecommunications,Consumer,Netherlands,Amsterdam,63277,2024-08-11,1
248,Lang Ltd,Company,Healthcare,Consumer,Germany,Munich,52277,2026-01-06,14
249,"Chavez, Smith and Sullivan",Individual,Healthcare,Consumer,Italy,Milan,75610,2024-07-24,4
250,Wilson PLC,Individual,IT,Small Business,Italy,Rome,82523,2026-04-03,11
251,"Castillo, Collins and Delacruz",Company,Healthcare,Small Business,Netherlands,Amsterdam,91624,2024-05-15,15
252,Ball PLC,Company,Healthcare,Corporate,Belgium,Brussels,44925,2023-09-29,1
253,Coleman-Peterson,Individual,Telecommunications,Small Business,Germany,Frankfurt,35576,2023-11-09,2
254,Hoffman-Parker,Company,Education,Small Business,Belgium,Brussels,32307,2025-10-06,4
255,Sherman-Richardson,Company,Telecommunications,Consumer,Belgium,Brussels,49707,2024-07-25,7
256,"Ellison, Valdez and Gomez",Individual,Education,Consumer,Italy,Milan,51785,2026-07-15,14
257,Townsend Ltd,Company,Telecommunications,Small Business,Italy,Milan,03593,2024-12-20,16
258,Clark and Sons,Individual,Healthcare,Consumer,France,Marseille,95008,2025-10-16,17
259,Cook Ltd,Individual,Logistics,Corporate,Switzerland,Zurich,80684,2024-10-06,14
260,"Brown, Lee and Dillon",Individual,Healthcare,Corporate,Switzerland,Zurich,64071,2026-05-11,7
261,Duncan PLC,Company,Finance,Corporate,Spain,Barcelona,96389,2025-02-21,10
262,Williams-Rodriguez,Company,Education,Consumer,Italy,Rome,74900,2023-10-10,16
263,Simpson Ltd,Company,Healthcare,Small Business,Italy,Rome,44405,2024-11-03,3
264,"Pena, Pollard and Williams",Company,Healthcare,Consumer,Italy,Rome,39488,2024-06-18,19
265,Vincent-Delgado,Individual,Education,Corporate,Belgium,Brussels,96484,2025-03-21,3
266,Ramos Ltd,Individual,Manufacturing,Small Business,Germany,Cologne,16138,2025-12-30,12
267,Sanders-Mahoney,Company,Finance,Corporate,Spain,Barcelona,47310,2025-07-13,7
268,Blake Group,Individual,Finance,Small Business,Spain,Barcelona,78328,2026-03-12,3
269,Scott-Mccall,Company,IT,Consumer,Spain,Barcelona,02778,2023-05-26,4
270,Johnson Inc,Individual,Healthcare,Small Business,Belgium,Brussels,23955,2023-06-17,4
271,Boyd Inc,Individual,Manufacturing,Corporate,Italy,Milan,72157,2023-03-30,5
272,"Robertson, Scott and Sharp",Company,Telecommunications,Small Business,Spain,Barcelona,00807,2023-03-29,4
273,Peterson Inc,Company,Telecommunications,Consumer,Italy,Milan,88377,2024-10-10,2
274,"Adams, Campos and Carson",Individual,Healthcare,Consumer,Italy,Milan,59159,2025-03-20,18
275,Fields PLC,Individual,Finance,Small Business,France,Lyon,88019,2026-01-20,19
276,Webb-Colon,Company,Logistics,Corporate,Italy,Milan,08212,2024-06-14,13
277,Mullen-Marshall,Company,IT,Corporate,Spain,Madrid,75637,2026-03-31,8
278,Ross and Sons,Individual,IT,Corporate,Spain,Barcelona,14180,2023-04-30,11
279,Clark-Davis,Individual,Healthcare,Small Business,France,Paris,66828,2025-09-03,16
280,Murphy Inc,Company,Manufacturing,Corporate,Belgium,Brussels,17213,2024-06-08,5
281,Stewart-Brown,Company,Telecommunications,Small Business,Belgium,Brussels,46157,2023-04-01,17
282,Mendez LLC,Company,Telecommunications,Small Business,Netherlands,Amsterdam,38034,2024-11-25,8
283,Hopkins-Mclaughlin,Company,Telecommunications,Corporate,Spain,Barcelona,82767,2024-07-11,12
284,"Robbins, Turner and Valencia",Individual,IT,Consumer,Austria,Vienna,63060,2026-04-11,18
285,Williams PLC,Company,Finance,Corporate,Belgium,Brussels,23444,2024-04-23,11
286,Wells Ltd,Individual,Education,Consumer,Germany,Cologne,53724,2023-06-12,12
287,"Wolf, Johnson and Crawford",Company,Education,Consumer,France,Marseille,04591,2025-03-10,4
288,Munoz LLC,Individual,IT,Small Business,Netherlands,Amsterdam,23916,2025-08-07,3
289,Kirk Inc,Individual,Telecommunications,Consumer,Netherlands,Amsterdam,03374,2026-01-30,3
290,Hammond-Simpson,Company,Healthcare,Corporate,Netherlands,Amsterdam,24243,2022-08-25,10
291,Graham Group,Company,Healthcare,Corporate,Belgium,Brussels,73812,2026-02-08,7
292,Brown Ltd,Company,Education,Corporate,Spain,Madrid,39212,2024-04-05,13
293,Willis LLC,Individual,IT,Corporate,Germany,Munich,73847,2025-06-25,17
294,"Miller, Brooks and Williams",Company,Logistics,Small Business,Italy,Rome,05758,2023-08-14,10
295,Robbins-Mcdonald,Individual,Manufacturing,Consumer,Austria,Vienna,81708,2024-09-15,6
296,Taylor-Porter,Individual,Finance,Consumer,Switzerland,Zurich,13603,2023-07-03,18
297,Davis LLC,Company,Retail,Consumer,Germany,Berlin,99574,2026-02-09,5
298,"Whitaker, Potts and Moore",Company,Logistics,Consumer,Germany,Hamburg,69420,2024-04-28,20
299,Jackson-Hutchinson,Company,Finance,Small Business,Switzerland,Zurich,21051,2025-08-08,1
300,Henderson LLC,Company,Telecommunications,Corporate,Germany,Hamburg,92345,2026-04-11,1
301,Miller-Summers,Company,Retail,Consumer,France,Lyon,05898,2024-06-15,2
302,Andrews-Roach,Company,Manufacturing,Corporate,Spain,Madrid,31249,2026-07-19,6
303,Tate Group,Company,Telecommunications,Consumer,Spain,Barcelona,62808,2022-09-28,13
304,Green PLC,Individual,Retail,Corporate,Netherlands,Amsterdam,29850,2022-12-15,8
305,Robinson-Haynes,Individual,Telecommunications,Small Business,Belgium,Brussels,11317,2025-11-13,3
306,Thompson Inc,Company,Healthcare,Corporate,Switzerland,Zurich,06457,2025-04-23,13
307,"Barnes, Kennedy and Dougherty",Individual,Logistics,Consumer,Spain,Madrid,55372,2024-06-17,3
308,Mcdaniel and Sons,Company,Retail,Corporate,Austria,Vienna,25647,2023-10-27,11
309,Long-Chavez,Company,Retail,Small Business,Switzerland,Zurich,75384,2026-01-20,8
310,Greene Ltd,Individual,Education,Consumer,Spain,Barcelona,75058,2026-02-02,10
311,Smith-Mccall,Company,Finance,Corporate,France,Lyon,75748,2025-11-27,8
312,"Turner, Martin and Henderson",Company,Manufacturing,Corporate,Netherlands,Amsterdam,27644,2024-06-21,1
313,"Tate, Escobar and Aguirre",Individual,Healthcare,Corporate,Switzerland,Zurich,55354,2022-12-31,15
314,"Harris, Davis and Williams",Company,Education,Small Business,France,Marseille,65695,2025-10-21,7
315,Maldonado LLC,Individual,Logistics,Consumer,Germany,Berlin,64734,2026-07-09,17
316,Clark-Hines,Company,IT,Consumer,Switzerland,Zurich,37718,2024-11-10,16
317,Wise Group,Company,Finance,Consumer,Belgium,Brussels,61470,2025-04-21,17
318,Rivera LLC,Individual,Education,Corporate,Spain,Madrid,44475,2023-04-19,11
319,"Davis, Salazar and Jones",Individual,Logistics,Small Business,Germany,Hamburg,34540,2023-08-24,15
320,Ferguson-Owens,Company,Finance,Consumer,Germany,Frankfurt,22922,2025-11-13,3
321,"Adams, Fox and Adams",Individual,IT,Corporate,Italy,Milan,99923,2022-10-31,11
322,"Sullivan, Martinez and Rivera",Company,IT,Consumer,Belgium,Brussels,69571,2026-05-22,14
323,"Crosby, Williams and Warren",Individual,Logistics,Consumer,Austria,Vienna,77230,2026-04-15,9
324,Paul Group,Company,Logistics,Corporate,Spain,Madrid,65801,2023-12-05,8
325,Nelson Group,Individual,Education,Corporate,Austria,Vienna,14622,2024-06-21,19
326,"Peterson, Baker and Blackwell",Individual,IT,Consumer,Italy,Milan,32197,2024-09-11,1
327,"Robertson, Clark and Lee",Individual,Healthcare,Corporate,France,Paris,77834,2025-10-31,10
328,Murphy-Atkins,Company,Healthcare,Small Business,Netherlands,Amsterdam,13286,2024-05-22,7
329,Moore LLC,Individual,Retail,Consumer,Switzerland,Zurich,63897,2025-02-15,16
330,Williams-Vang,Individual,Healthcare,Corporate,Italy,Rome,63860,2023-02-18,19
331,"Pierce, Swanson and Miller",Company,Education,Corporate,Italy,Milan,09594,2023-10-08,17
332,"Cohen, West and Gomez",Individual,Healthcare,Corporate,Italy,Rome,20590,2025-12-08,6
333,Miller Inc,Individual,Logistics,Small Business,Austria,Vienna,55806,2026-01-24,8
334,"Schultz, Miller and Le",Individual,Logistics,Small Business,Netherlands,Amsterdam,65375,2022-11-22,9
335,Edwards-Fisher,Company,Telecommunications,Small Business,Germany,Cologne,36595,2025-10-18,5
336,Smith Ltd,Company,Healthcare,Corporate,Belgium,Brussels,04029,2025-02-18,4
337,Acosta PLC,Company,IT,Small Business,Belgium,Brussels,57275,2025-03-25,15
338,Ryan-Hutchinson,Individual,Finance,Corporate,Switzerland,Zurich,19988,2025-05-07,8
339,Valdez Ltd,Company,Retail,Small Business,Spain,Madrid,54154,2025-06-22,15
340,Ayala-Palmer,Company,Healthcare,Consumer,Spain,Madrid,89885,2023-06-03,15
341,Henderson-Miller,Individual,IT,Consumer,Netherlands,Amsterdam,33076,2023-07-01,18
342,Anderson-Martin,Company,Logistics,Consumer,Italy,Rome,06404,2025-04-27,14
343,"Wright, Fry and Garza",Individual,Manufacturing,Consumer,Italy,Rome,76812,2026-02-13,8
344,Daniels-Davis,Company,Finance,Consumer,Germany,Hamburg,26757,2025-12-24,10
345,"Mcbride, Jones and Grant",Individual,Finance,Corporate,Belgium,Brussels,98257,2026-02-14,19
346,"Livingston, Pena and Jones",Individual,Telecommunications,Corporate,Austria,Vienna,84713,2023-11-03,15
347,Flowers Inc,Company,IT,Consumer,France,Paris,96355,2024-12-05,4
348,"Kelly, Ramsey and Pitts",Individual,Logistics,Small Business,Spain,Barcelona,06663,2025-12-02,8
349,Thomas Ltd,Company,Education,Consumer,Belgium,Brussels,79309,2024-10-26,20
350,Brock-Clark,Individual,IT,Small Business,Austria,Vienna,80733,2024-10-04,10
351,Johnson-Warner,Company,Manufacturing,Corporate,Spain,Barcelona,98218,2022-12-08,2
352,Flores-Haynes,Company,Logistics,Corporate,Spain,Madrid,48804,2026-07-14,17
353,Stewart PLC,Individual,Manufacturing,Small Business,France,Marseille,76016,2023-02-15,10
354,Coleman Group,Company,IT,Corporate,Switzerland,Zurich,09157,2024-01-05,15
355,Ramos-Dalton,Individual,Finance,Consumer,Italy,Rome,61343,2023-04-15,20
356,"Stone, Webb and Watson",Individual,Telecommunications,Consumer,Switzerland,Zurich,39711,2024-11-10,2
357,Gibson-Adkins,Individual,IT,Consumer,Switzerland,Zurich,01102,2023-01-24,12
358,Castillo Ltd,Individual,Logistics,Consumer,Belgium,Brussels,47491,2024-06-19,14
359,"Morales, Bennett and Singleton",Individual,Retail,Small Business,Spain,Madrid,07894,2025-09-07,1
360,Klein Inc,Company,IT,Consumer,Belgium,Brussels,57763,2024-12-16,17
361,Boone-Porter,Company,Education,Corporate,Switzerland,Zurich,85452,2026-04-15,16
362,Hill Ltd,Company,Finance,Corporate,France,Paris,64088,2023-01-08,14
363,Owens-Humphrey,Individual,Telecommunications,Small Business,Italy,Rome,14786,2023-01-24,1
364,"Arnold, Brown and Carter",Company,Manufacturing,Corporate,Switzerland,Zurich,62157,2026-01-02,8
365,"Mcfarland, Cunningham and Cox",Individual,IT,Consumer,Netherlands,Amsterdam,14442,2025-08-03,12
366,Smith Ltd,Company,IT,Consumer,Netherlands,Amsterdam,57218,2024-01-25,13
367,Walsh Group,Company,Manufacturing,Consumer,Netherlands,Amsterdam,78485,2022-09-06,16
368,Cole PLC,Company,Logistics,Consumer,Italy,Rome,95472,2026-03-14,4
369,Duarte-Martinez,Individual,Manufacturing,Consumer,Switzerland,Zurich,34129,2023-12-18,15
370,Hernandez-Thompson,Individual,Manufacturing,Corporate,Germany,Hamburg,45501,2024-05-01,18
371,Williams and Sons,Company,Education,Consumer,Switzerland,Zurich,88287,2025-06-25,9
372,"Doyle, Vaughn and Williamson",Individual,Healthcare,Corporate,Belgium,Brussels,35675,2025-12-24,14
373,Rivera LLC,Company,Retail,Corporate,Belgium,Brussels,96826,2024-09-10,16
374,Nelson-Jackson,Company,Logistics,Small Business,Spain,Madrid,90093,2023-02-20,19
375,Mccarty-David,Individual,Telecommunications,Small Business,Belgium,Brussels,15678,2022-11-29,18
376,Williamson-Holt,Individual,Manufacturing,Consumer,Spain,Barcelona,85107,2022-09-24,9
377,Hunt and Sons,Company,Retail,Consumer,Italy,Milan,26674,2023-02-26,11
378,"Vazquez, Horton and Turner",Individual,Healthcare,Small Business,Spain,Madrid,64665,2025-08-02,20
379,"Johnson, Chen and Mcdonald",Company,Logistics,Small Business,Austria,Vienna,43530,2022-12-23,15
380,"Russell, Taylor and Arias",Company,Healthcare,Small Business,Italy,Milan,09171,2024-04-26,5
381,"Freeman, Williams and Alexander",Individual,Finance,Corporate,Switzerland,Zurich,42087,2022-08-25,6
382,"Sullivan, Johnson and Simmons",Company,Finance,Consumer,Netherlands,Amsterdam,35180,2023-10-19,16
383,Strong and Sons,Individual,Finance,Consumer,Switzerland,Zurich,34790,2022-12-19,6
384,Glenn-Harris,Company,Telecommunications,Corporate,Switzerland,Zurich,93345,2023-12-14,5
385,Kim Ltd,Company,Finance,Corporate,Germany,Hamburg,54602,2024-10-26,11
386,"Freeman, Conner and Johnson",Individual,IT,Corporate,Switzerland,Zurich,27291,2024-07-17,18
387,Spencer-Lopez,Company,IT,Small Business,Switzerland,Zurich,06397,2023-07-22,17
388,"Alvarado, Phillips and Flowers",Individual,Education,Small Business,Netherlands,Amsterdam,09260,2025-08-21,8
389,Martinez-Wright,Individual,IT,Small Business,Italy,Milan,94217,2024-07-13,9
390,Howell-Baxter,Individual,Healthcare,Consumer,Belgium,Brussels,35903,2023-05-06,12
391,"Donaldson, Gibson and Taylor",Individual,Retail,Small Business,Switzerland,Zurich,76597,2025-12-20,18
392,Phillips Ltd,Company,Finance,Corporate,Spain,Madrid,27655,2025-01-12,15
393,Hernandez-Stanley,Company,Manufacturing,Consumer,Italy,Rome,67710,2026-06-22,18
394,"Johnson, Kane and Stevenson",Individual,Telecommunications,Consumer,Austria,Vienna,56409,2024-05-05,12
395,Griffin-Jordan,Individual,Education,Small Business,France,Paris,18132,2025-09-25,20
396,Patel Group,Individual,Logistics,Corporate,Germany,Hamburg,69405,2026-06-06,1
397,Johnson Group,Individual,Healthcare,Corporate,Italy,Rome,04692,2025-01-16,15
398,Bryant Group,Individual,Logistics,Small Business,Germany,Berlin,29522,2026-01-14,20
399,"Torres, Hicks and Moore",Individual,IT,Consumer,France,Paris,35250,2022-08-29,7
400,Rivera PLC,Individual,Healthcare,Small Business,Belgium,Brussels,69810,2022-09-18,14
401,Campbell Group,Individual,Education,Corporate,Spain,Barcelona,75549,2024-11-16,12
402,"Singh, Whitaker and Cox",Individual,Retail,Small Business,Netherlands,Amsterdam,45841,2024-08-06,8
403,"Phillips, Church and Baker",Company,Manufacturing,Small Business,Austria,Vienna,13518,2022-08-12,7
404,Cunningham-Rodriguez,Individual,Retail,Consumer,Spain,Barcelona,24305,2024-04-28,19
405,"Chan, Davila and Mitchell",Individual,Telecommunications,Corporate,Netherlands,Amsterdam,64255,2023-10-17,9
406,Compton-Bailey,Individual,Education,Consumer,Austria,Vienna,53136,2022-12-18,13
407,Everett-Johnson,Company,Logistics,Small Business,Austria,Vienna,75707,2022-11-11,3
408,"Lee, Turner and Smith",Company,Finance,Small Business,Netherlands,Amsterdam,95973,2024-03-31,12
409,Mcgrath Group,Individual,Retail,Small Business,Spain,Madrid,89852,2022-09-11,12
410,Young PLC,Company,Retail,Corporate,Spain,Barcelona,87863,2024-08-29,5
411,"Johnson, Riley and Olson",Individual,Telecommunications,Corporate,Netherlands,Amsterdam,66721,2024-07-14,6
412,Wolfe Group,Company,Finance,Consumer,Italy,Milan,80318,2024-09-23,9
413,Christensen Inc,Individual,Healthcare,Corporate,Belgium,Brussels,93152,2023-07-16,2
414,Myers-Morris,Company,Finance,Corporate,France,Lyon,75482,2023-03-25,1
415,Morton Ltd,Company,Retail,Small Business,France,Marseille,49534,2023-07-06,16
416,West and Sons,Company,Manufacturing,Corporate,Germany,Cologne,41137,2026-04-11,17
417,"James, Rush and Jefferson",Individual,Logistics,Corporate,France,Lyon,71692,2023-02-22,18
418,"Watkins, Scott and Crane",Company,IT,Corporate,Italy,Milan,13814,2025-03-31,13
419,Pham-Moore,Individual,Retail,Corporate,Germany,Munich,25716,2026-05-19,1
420,Morrison LLC,Individual,Logistics,Corporate,France,Paris,93261,2025-03-30,3
421,"Tran, Herrera and Hernandez",Company,Logistics,Corporate,Italy,Rome,13461,2023-07-24,7
422,"Ramirez, Villegas and Weber",Individual,Finance,Small Business,Italy,Milan,12492,2024-01-31,9
423,"Palmer, Harris and Mejia",Individual,Finance,Consumer,Austria,Vienna,01220,2024-11-07,13
424,"Cruz, Li and Salazar",Company,Retail,Corporate,Austria,Vienna,78608,2024-10-02,4
425,"Nguyen, Martinez and Wells",Individual,IT,Corporate,Germany,Cologne,47197,2023-05-25,19
426,Todd and Sons,Company,Education,Small Business,Austria,Vienna,73772,2026-01-19,16
427,Reed-Hall,Company,Telecommunications,Small Business,Germany,Hamburg,32965,2024-06-06,5
428,Jones-Turner,Company,Retail,Corporate,Austria,Vienna,72901,2024-12-13,6
429,"Turner, Lewis and Perez",Company,Finance,Small Business,Netherlands,Amsterdam,80471,2023-03-12,5
430,Smith Ltd,Individual,Retail,Corporate,Belgium,Brussels,12934,2023-02-17,9
431,Sims and Sons,Company,Finance,Small Business,Belgium,Brussels,87869,2023-09-26,3
432,Phillips-Neal,Company,Logistics,Small Business,Italy,Milan,90792,2025-12-11,6
433,Martin-Riley,Individual,IT,Corporate,Germany,Frankfurt,35452,2024-11-03,18
434,Odom-Johnson,Individual,IT,Consumer,France,Lyon,16952,2026-02-07,4
435,Garrett-Porter,Company,IT,Small Business,Italy,Rome,34161,2025-03-06,18
436,Reynolds-Peterson,Individual,Logistics,Consumer,Austria,Vienna,26407,2023-11-16,3
437,Mendez-Singh,Company,Logistics,Small Business,Austria,Vienna,98822,2025-10-29,14
438,Parker and Sons,Company,Telecommunications,Small Business,Netherlands,Amsterdam,72362,2023-09-27,5
439,Moore-Sullivan,Company,IT,Small Business,Austria,Vienna,54353,2025-02-16,14
440,"Davidson, Morgan and Riggs",Individual,Retail,Consumer,Netherlands,Amsterdam,11980,2025-04-21,9
441,Ritter-Hickman,Individual,Manufacturing,Consumer,Belgium,Brussels,69422,2026-01-16,2
442,Logan LLC,Individual,IT,Small Business,Austria,Vienna,24122,2024-02-19,3
443,"Mcdonald, Crawford and Gibson",Company,Healthcare,Small Business,Spain,Madrid,39388,2023-11-05,13
444,Gardner-Myers,Company,Logistics,Consumer,Germany,Berlin,41102,2023-05-07,5
445,"Elliott, Carney and Gallegos",Company,Telecommunications,Corporate,Netherlands,Amsterdam,55494,2023-04-17,16
446,"Williams, Adams and Newton",Company,Finance,Consumer,Spain,Madrid,07545,2026-04-02,13
447,Gonzales Inc,Company,Telecommunications,Corporate,Netherlands,Amsterdam,02044,2023-09-22,8
448,Thomas PLC,Company,Retail,Corporate,Switzerland,Zurich,90698,2023-11-26,20
449,Reese Inc,Company,Manufacturing,Small Business,Austria,Vienna,34977,2025-04-14,11
450,Moore-Guerra,Company,Telecommunications,Corporate,France,Lyon,78106,2026-01-02,19
451,Rhodes Inc,Individual,Telecommunications,Corporate,Italy,Milan,81615,2026-07-15,5
452,"Thomas, Jones and Franco",Company,Retail,Small Business,France,Paris,56177,2025-10-19,7
453,"Perkins, Francis and Thomas",Company,Telecommunications,Corporate,Italy,Rome,59116,2026-05-26,11
454,Jones-Rosales,Company,Retail,Corporate,Switzerland,Zurich,15004,2024-11-01,10
455,Ellison Inc,Company,Finance,Consumer,Italy,Rome,16603,2024-07-20,18
456,"Phillips, Smith and Hughes",Company,Retail,Corporate,Netherlands,Amsterdam,13592,2025-03-30,2
457,Everett Group,Company,Logistics,Small Business,Italy,Milan,23208,2024-02-05,2
458,Greer-Williams,Company,Finance,Corporate,Germany,Berlin,92909,2025-05-19,14
459,Adams Inc,Company,Logistics,Corporate,Austria,Vienna,58791,2025-08-07,2
460,Fisher-Roberts,Individual,Logistics,Corporate,Germany,Munich,16846,2025-02-21,2
461,Johnson PLC,Company,Healthcare,Consumer,Spain,Barcelona,11325,2024-04-15,3
462,Strong-Sullivan,Company,Retail,Consumer,Belgium,Brussels,34486,2023-11-07,3
463,Perez Group,Individual,Finance,Consumer,Italy,Milan,22939,2025-07-19,6
464,Porter-Lee,Company,Logistics,Small Business,Spain,Madrid,03522,2023-06-15,5
465,"Jones, Fisher and Esparza",Company,IT,Corporate,Austria,Vienna,62905,2026-07-10,1
466,Turner-May,Individual,Logistics,Corporate,Austria,Vienna,24402,2022-08-19,12
467,"Holt, Estrada and Yates",Company,IT,Corporate,Italy,Milan,69522,2025-04-30,17
468,Grant-Solomon,Individual,Logistics,Corporate,Spain,Madrid,37256,2023-06-16,6
469,"Villarreal, Allen and Smith",Individual,Education,Small Business,Germany,Frankfurt,76239,2026-01-28,13
470,"Weaver, Perkins and Clay",Individual,Retail,Corporate,Netherlands,Amsterdam,48790,2023-08-16,10
471,"Gibson, Thompson and Payne",Company,Retail,Consumer,Italy,Milan,62339,2025-01-29,5
472,Edwards-Gonzalez,Individual,IT,Consumer,France,Lyon,95145,2023-12-08,7
473,"Avila, Hodges and Turner",Company,Retail,Consumer,Netherlands,Amsterdam,23105,2024-05-12,16
474,Shah-Valencia,Company,Telecommunications,Small Business,Spain,Madrid,41745,2023-09-13,2
475,Drake-Flynn,Company,IT,Small Business,Netherlands,Amsterdam,22977,2023-01-04,3
476,Ibarra-Kennedy,Individual,Healthcare,Corporate,Austria,Vienna,36168,2024-08-14,20
477,Gutierrez-Sheppard,Individual,Education,Small Business,Switzerland,Zurich,45524,2023-06-16,20
478,"Thornton, Smith and Robertson",Company,Finance,Small Business,Netherlands,Amsterdam,07626,2023-08-25,2
479,Medina-Key,Individual,Healthcare,Consumer,Spain,Madrid,70178,2023-01-17,12
480,"Sharp, Ford and Mitchell",Company,Manufacturing,Consumer,Spain,Madrid,32872,2024-11-10,1
481,Shaffer Inc,Individual,Healthcare,Corporate,Austria,Vienna,44987,2023-07-25,5
482,Quinn-Harmon,Individual,Logistics,Corporate,Italy,Rome,02145,2026-01-23,19
483,"Rios, Hernandez and Mcconnell",Company,Telecommunications,Consumer,Switzerland,Zurich,98217,2024-05-15,11
484,"Hinton, Mckee and Henry",Individual,Telecommunications,Consumer,Austria,Vienna,89315,2023-11-23,4
485,Boyd-Kim,Individual,Logistics,Consumer,Spain,Barcelona,86333,2026-06-04,15
486,Wilson Ltd,Individual,Education,Small Business,Germany,Frankfurt,76921,2022-10-05,12
487,"Maldonado, Vasquez and May",Company,Retail,Corporate,Spain,Barcelona,39995,2022-12-29,9
488,Coleman Inc,Company,IT,Consumer,Switzerland,Zurich,69204,2023-11-11,13
489,"Willis, Grant and Barnes",Individual,Healthcare,Small Business,Belgium,Brussels,20863,2023-04-23,17
490,Garcia PLC,Individual,Telecommunications,Consumer,Austria,Vienna,97007,2023-01-17,14
491,Valdez LLC,Individual,Telecommunications,Corporate,Austria,Vienna,54292,2025-04-19,16
492,"Terry, Preston and Sullivan",Company,Education,Corporate,France,Lyon,72788,2024-03-04,15
493,Williams LLC,Company,Education,Small Business,Netherlands,Amsterdam,46224,2025-06-17,15
494,Cole-Brown,Company,IT,Consumer,Switzerland,Zurich,26645,2023-08-09,15
495,Bender-Mendoza,Individual,Education,Corporate,Netherlands,Amsterdam,59440,2026-03-29,4
496,"Kim, Farrell and Anderson",Company,Logistics,Small Business,Spain,Madrid,41392,2023-03-09,19
497,"Wells, Kemp and Wright",Company,IT,Consumer,Netherlands,Amsterdam,84160,2025-09-29,17
498,Fry and Sons,Company,Healthcare,Consumer,Germany,Hamburg,63697,2025-01-15,16
499,Fleming and Sons,Company,Manufacturing,Consumer,Netherlands,Amsterdam,45047,2026-03-16,20
500,"Schwartz, Flores and Harris",Company,IT,Small Business,Germany,Berlin,39062,2024-07-04,2
501,Clark-Herrera,Company,Healthcare,Corporate,Germany,Munich,78178,2023-03-22,7
502,Diaz LLC,Individual,Retail,Small Business,Netherlands,Amsterdam,85940,2024-05-21,18
503,Freeman PLC,Company,Logistics,Small Business,Netherlands,Amsterdam,72680,2026-07-28,11
504,Morgan and Sons,Company,Retail,Small Business,Netherlands,Amsterdam,18307,2025-02-23,7
505,Johnson and Sons,Company,Manufacturing,Small Business,France,Lyon,26427,2024-01-29,2
506,"Wallace, Guerra and Smith",Company,Telecommunications,Small Business,Italy,Milan,30156,2023-05-23,14
507,Hoffman-Thompson,Individual,Finance,Small Business,Spain,Madrid,82866,2026-05-24,5
508,Gonzales-Bennett,Company,Telecommunications,Consumer,Belgium,Brussels,45171,2023-03-04,13
509,"Hooper, Smith and Harrison",Company,Healthcare,Corporate,Spain,Madrid,19902,2024-08-23,17
510,Collins-Brown,Company,Telecommunications,Consumer,France,Paris,36138,2025-08-03,9
511,Austin and Sons,Company,Finance,Small Business,Netherlands,Amsterdam,23877,2025-05-20,1
512,"Kelly, Mitchell and Wilson",Individual,Finance,Consumer,Netherlands,Amsterdam,97272,2023-11-04,19
513,Bullock Group,Individual,Finance,Corporate,Italy,Rome,02478,2026-05-11,14
514,Anderson Group,Individual,Telecommunications,Small Business,Italy,Rome,53805,2024-04-14,14
515,Anderson Ltd,Company,Manufacturing,Consumer,Switzerland,Zurich,60436,2026-02-17,19
516,Wells PLC,Company,Telecommunications,Small Business,Italy,Milan,48624,2025-11-25,19
517,"Lopez, Francis and Schultz",Individual,Retail,Small Business,France,Paris,50426,2022-10-15,6
518,"Cross, Hernandez and Woodard",Individual,IT,Corporate,Germany,Cologne,37396,2025-05-25,5
519,"Harrison, Douglas and Wallace",Company,Healthcare,Small Business,Spain,Madrid,45420,2024-10-05,1
520,Sanders-Payne,Company,Logistics,Consumer,Italy,Milan,07304,2025-01-12,11
521,"Black, Cohen and Peterson",Company,Healthcare,Corporate,Belgium,Brussels,51039,2022-10-27,18
522,Fisher-Wu,Company,Finance,Small Business,Switzerland,Zurich,08742,2024-11-03,9
523,Lewis PLC,Company,Education,Corporate,Belgium,Brussels,86045,2023-12-31,12
524,Parker Group,Company,Retail,Consumer,Netherlands,Amsterdam,51534,2025-11-15,11
525,Curry-Blake,Company,Manufacturing,Corporate,Germany,Munich,60195,2022-09-29,4
526,Mcbride Group,Company,Education,Consumer,Germany,Munich,56184,2024-01-17,12
527,"Walton, Pope and Wells",Company,Manufacturing,Small Business,Germany,Hamburg,37961,2026-06-19,12
528,Hill-Griffin,Company,Healthcare,Small Business,Switzerland,Zurich,56152,2022-08-17,8
529,Johnson Ltd,Company,Finance,Consumer,Germany,Cologne,42200,2023-11-06,14
530,"Fowler, Jones and Thomas",Company,Retail,Corporate,Germany,Cologne,69324,2024-01-20,14
531,Russo-Salazar,Company,IT,Consumer,Switzerland,Zurich,50301,2025-11-18,10
532,"Vasquez, Spencer and Berger",Company,Education,Corporate,Netherlands,Amsterdam,66879,2023-11-12,16
533,Mueller-Mahoney,Individual,Manufacturing,Consumer,Germany,Hamburg,49388,2025-03-25,8
534,"James, Simpson and Stokes",Individual,Logistics,Consumer,France,Lyon,53923,2022-12-22,15
535,"Bradley, Butler and Case",Individual,Retail,Small Business,Austria,Vienna,39900,2025-07-05,7
536,Smith Ltd,Individual,Telecommunications,Corporate,Belgium,Brussels,28545,2024-06-23,11
537,Arnold-Morris,Company,IT,Corporate,Spain,Barcelona,82141,2026-01-23,9
538,Salazar Ltd,Individual,Finance,Consumer,Austria,Vienna,87475,2025-05-24,11
539,Knight-George,Company,IT,Small Business,Germany,Munich,55163,2025-11-09,9
540,Chen-Garcia,Company,Education,Small Business,Switzerland,Zurich,35627,2025-05-14,1
541,Stewart-Wolf,Company,Logistics,Consumer,Italy,Rome,91460,2024-12-10,13
542,"West, Snyder and Woods",Company,Manufacturing,Corporate,Italy,Milan,85168,2023-05-15,8
543,Gray Group,Individual,Telecommunications,Consumer,Germany,Munich,98222,2026-03-16,4
544,Fletcher-Mcintosh,Individual,Education,Small Business,Spain,Madrid,55179,2025-06-14,4
545,"Robertson, Fowler and Hayes",Company,Logistics,Small Business,Spain,Madrid,08105,2025-01-11,14
546,Lawrence-Cortez,Company,Manufacturing,Corporate,Spain,Madrid,62574,2025-11-25,3
547,Hawkins-Wiggins,Individual,Finance,Consumer,Germany,Hamburg,83206,2025-02-13,20
548,Erickson-Bowman,Individual,Healthcare,Small Business,Spain,Madrid,73129,2026-07-18,4
549,Sanders-Hooper,Company,Finance,Consumer,Belgium,Brussels,94114,2023-10-17,1
550,Vazquez Group,Company,Logistics,Small Business,Spain,Madrid,95368,2023-10-10,12
551,"Huang, Brooks and Chambers",Individual,Logistics,Corporate,France,Paris,37816,2025-09-25,18
552,Morgan-Whitaker,Individual,IT,Corporate,Germany,Cologne,59513,2023-05-12,14
553,Rodriguez and Sons,Company,Telecommunications,Small Business,Italy,Milan,03520,2023-11-19,18
554,"Ruiz, Jackson and Mcdonald",Company,Finance,Corporate,Italy,Rome,26664,2025-05-02,14
555,"Elliott, Stevenson and Robinson",Individual,Manufacturing,Corporate,Spain,Barcelona,53705,2025-09-12,8
556,Brandt-Cochran,Company,Logistics,Corporate,Netherlands,Amsterdam,98125,2026-01-15,9
557,"Chapman, Branch and Farrell",Individual,Finance,Small Business,Switzerland,Zurich,52547,2026-02-22,2
558,"Martinez, Melton and Padilla",Individual,IT,Corporate,Belgium,Brussels,59832,2023-07-21,13
559,"Townsend, Moore and Patrick",Individual,Education,Corporate,Germany,Berlin,60314,2025-12-12,11
560,Neal-Mcdaniel,Company,Finance,Small Business,Germany,Cologne,08771,2025-03-21,7
561,Joyce PLC,Company,Logistics,Consumer,Spain,Barcelona,18287,2025-04-13,12
562,Wood and Sons,Individual,IT,Corporate,Germany,Munich,84273,2024-07-23,11
563,Williams Group,Individual,Healthcare,Consumer,Netherlands,Amsterdam,72092,2023-12-27,18
564,Lewis-Jacobson,Company,Education,Corporate,Netherlands,Amsterdam,90414,2022-10-13,16
565,Bowman and Sons,Company,Retail,Small Business,Germany,Frankfurt,97827,2024-05-13,16
566,Rice LLC,Company,Manufacturing,Small Business,Austria,Vienna,95927,2025-06-23,6
567,Elliott-Bishop,Company,Logistics,Corporate,Switzerland,Zurich,83544,2024-07-05,8
568,"Brown, Soto and Shepherd",Company,Telecommunications,Small Business,Italy,Milan,69433,2024-09-17,12
569,Gallegos-Glass,Company,Education,Small Business,France,Marseille,62467,2025-08-24,7
570,Ramirez-Osborne,Individual,Healthcare,Small Business,Switzerland,Zurich,53737,2024-03-27,3
571,Bell-Edwards,Individual,Retail,Consumer,Austria,Vienna,46646,2024-09-29,4
572,"Fry, Foster and Butler",Company,Retail,Small Business,Germany,Frankfurt,94941,2026-06-05,18
573,"Brown, Obrien and Randall",Company,Telecommunications,Small Business,Spain,Madrid,33563,2024-01-16,16
574,Pena Group,Individual,Healthcare,Small Business,Belgium,Brussels,43219,2022-09-10,6
575,"Miller, Allen and Galloway",Individual,Manufacturing,Consumer,Belgium,Brussels,10835,2024-04-12,16
576,Nixon-Robinson,Individual,Logistics,Small Business,Spain,Barcelona,75990,2023-07-03,7
577,"Hall, Brown and Dillon",Company,Education,Consumer,France,Paris,96439,2022-10-06,3
578,Cook-Joseph,Individual,Education,Small Business,Spain,Barcelona,05386,2024-02-22,11
579,"Hamilton, Davis and Martinez",Company,Retail,Small Business,Spain,Madrid,33066,2026-04-29,4
580,Brown Group,Company,Finance,Consumer,Austria,Vienna,27827,2024-05-25,8
581,Hernandez Ltd,Company,Finance,Small Business,Germany,Hamburg,94991,2026-01-28,6
582,"White, Jordan and Williams",Company,Retail,Small Business,Netherlands,Amsterdam,19195,2024-05-22,16
583,Silva-Frazier,Individual,IT,Consumer,Austria,Vienna,61016,2024-09-15,1
584,Horton-Mckay,Company,Education,Consumer,Switzerland,Zurich,57132,2025-12-24,3
585,Dominguez Group,Individual,Telecommunications,Corporate,Belgium,Brussels,46013,2024-08-27,8
586,"Price, Hall and Short",Company,Logistics,Corporate,France,Lyon,00833,2022-12-13,20
587,Smith Inc,Company,IT,Corporate,Netherlands,Amsterdam,83867,2024-04-11,12
588,"Ford, Williams and Dominguez",Company,Education,Small Business,Austria,Vienna,80502,2022-11-17,10
589,Davis-Matthews,Company,Healthcare,Consumer,Austria,Vienna,79651,2025-05-28,3
590,"Nelson, Adams and Luna",Individual,Retail,Consumer,France,Marseille,72981,2024-07-08,16
591,Howell-Stone,Company,Education,Small Business,Belgium,Brussels,31515,2025-10-23,14
592,Singh PLC,Company,Retail,Small Business,Italy,Rome,44539,2025-05-11,16
593,"Stewart, Gordon and Anderson",Company,Manufacturing,Consumer,Germany,Munich,67334,2023-03-23,6
594,Hunt Ltd,Individual,Retail,Consumer,Belgium,Brussels,53094,2025-01-02,14
595,"Wagner, Jimenez and Gonzalez",Company,IT,Small Business,Switzerland,Zurich,80435,2026-08-01,16
596,"Spencer, Taylor and Brennan",Company,Logistics,Corporate,Germany,Berlin,97664,2026-05-15,5
597,Morgan Inc,Company,Healthcare,Small Business,Belgium,Brussels,66409,2025-06-18,7
598,Schwartz-Hernandez,Company,Finance,Small Business,Germany,Cologne,80183,2023-05-18,18
599,Williams-Hicks,Company,IT,Corporate,Italy,Milan,19524,2023-02-06,19
600,Solomon Ltd,Company,IT,Small Business,Germany,Cologne,28344,2024-12-22,1
601,"Gonzalez, Cross and Cook",Individual,Healthcare,Small Business,Switzerland,Zurich,44021,2024-09-17,10
602,Hines-Collins,Individual,Finance,Consumer,Spain,Madrid,99791,2024-01-22,8
603,Howell PLC,Company,IT,Consumer,Italy,Milan,19179,2026-07-05,9
604,Hernandez-Zamora,Company,Retail,Small Business,France,Marseille,18509,2023-05-22,7
605,Wilson-Thomas,Company,Manufacturing,Corporate,Austria,Vienna,25769,2025-04-04,4
606,"Brown, Wood and Ho",Company,Healthcare,Corporate,Germany,Frankfurt,08263,2023-02-23,3
607,"Cervantes, Carter and Jefferson",Individual,Logistics,Consumer,Spain,Barcelona,18963,2024-05-03,2
608,Mason LLC,Individual,Telecommunications,Corporate,Netherlands,Amsterdam,51318,2025-03-03,3
609,Farrell and Sons,Company,Education,Consumer,Belgium,Brussels,96333,2025-11-24,9
610,"Hicks, Herrera and Roach",Individual,Manufacturing,Corporate,France,Marseille,10688,2025-12-23,17
611,Marshall Group,Individual,Logistics,Consumer,Switzerland,Zurich,53491,2025-12-13,17
612,Hoover-Goodwin,Individual,Telecommunications,Small Business,Germany,Cologne,70820,2023-02-28,8
613,"Clark, Woods and Velasquez",Individual,Retail,Corporate,Austria,Vienna,87116,2026-03-27,6
614,Craig Group,Individual,IT,Small Business,Austria,Vienna,26172,2023-06-25,12
615,Lucas-Simpson,Individual,Healthcare,Small Business,Germany,Cologne,41462,2023-07-23,18
616,Nelson-Miller,Individual,Healthcare,Consumer,Austria,Vienna,94673,2025-08-27,10
617,Moore and Sons,Company,Finance,Consumer,Italy,Rome,57668,2023-09-16,8
618,Galloway-Gallegos,Company,IT,Corporate,Spain,Madrid,04132,2025-05-06,12
619,Taylor-Gordon,Company,Logistics,Small Business,Austria,Vienna,83483,2025-05-23,11
620,Weber Inc,Individual,Logistics,Consumer,Netherlands,Amsterdam,93460,2026-02-09,7
621,Wyatt PLC,Individual,IT,Consumer,Italy,Milan,37371,2023-01-18,18
622,"Morris, Fuller and Martin",Company,Finance,Consumer,Spain,Madrid,98625,2026-05-19,15
623,Young Ltd,Individual,IT,Consumer,Italy,Milan,19287,2025-04-23,17
624,"Pham, Franco and Taylor",Company,Logistics,Corporate,France,Paris,69514,2024-08-31,20
625,Oconnell-Dunlap,Individual,Retail,Corporate,Netherlands,Amsterdam,34570,2026-03-30,15
626,Price-Sweeney,Individual,Education,Corporate,Spain,Barcelona,87883,2022-09-12,5
627,Garner-Williams,Individual,Education,Small Business,Belgium,Brussels,71825,2023-02-13,13
628,Watkins-Ellis,Company,Manufacturing,Corporate,Germany,Munich,90145,2023-11-07,4
629,"Fowler, Davis and Baker",Company,Telecommunications,Corporate,Switzerland,Zurich,40949,2023-03-22,19
630,Clark LLC,Individual,Education,Consumer,Austria,Vienna,89481,2022-12-26,13
631,Ward-Coleman,Company,Manufacturing,Small Business,Germany,Hamburg,55049,2026-04-22,20
632,Martinez and Sons,Individual,Retail,Consumer,France,Marseille,04263,2023-03-04,8
633,Tucker-Sexton,Individual,Telecommunications,Small Business,Switzerland,Zurich,37127,2024-08-04,13
634,Keith Ltd,Company,Healthcare,Consumer,Belgium,Brussels,08936,2025-02-25,2
635,"Ross, Hahn and Bell",Company,Manufacturing,Corporate,Germany,Munich,47583,2023-04-09,14
636,"Bradley, Mcdonald and Arellano",Individual,Logistics,Consumer,Italy,Milan,48207,2026-01-31,11
637,"Cook, Smith and Griffin",Individual,Telecommunications,Consumer,Netherlands,Amsterdam,92535,2023-03-26,20
638,Kim Ltd,Individual,Healthcare,Corporate,Germany,Frankfurt,70527,2024-05-24,6
639,Love-Kramer,Company,IT,Corporate,Italy,Milan,60062,2026-03-24,8
640,"Munoz, Suarez and Wang",Company,Education,Corporate,Switzerland,Zurich,59109,2023-02-01,13
641,Baird-Ferguson,Individual,Retail,Corporate,Netherlands,Amsterdam,61793,2024-01-15,13
642,Murray Inc,Individual,Retail,Consumer,Germany,Munich,93493,2026-01-22,10
643,Huang-Owen,Company,Education,Corporate,Netherlands,Amsterdam,90431,2024-06-22,6
644,Perez and Sons,Company,Telecommunications,Corporate,Austria,Vienna,03521,2024-12-13,4
645,Hernandez PLC,Individual,Healthcare,Consumer,Austria,Vienna,78788,2025-12-28,1
646,"Pacheco, Blanchard and Johnson",Individual,Logistics,Corporate,Belgium,Brussels,19071,2023-02-18,14
647,Richards PLC,Company,Logistics,Consumer,Spain,Madrid,20176,2026-06-11,13
648,Conrad Group,Company,Healthcare,Consumer,Netherlands,Amsterdam,06447,2022-10-09,14
649,Johns-Massey,Company,Telecommunications,Small Business,Italy,Milan,35752,2023-03-09,10
650,Jones Group,Individual,Logistics,Corporate,Austria,Vienna,78764,2025-11-26,3
651,Lowery-Walker,Individual,Retail,Small Business,Germany,Hamburg,87475,2022-09-09,5
652,Lara Group,Company,Telecommunications,Consumer,Germany,Munich,75723,2025-02-25,8
653,Morgan Inc,Individual,IT,Small Business,France,Marseille,12765,2026-03-28,16
654,Nichols PLC,Individual,Healthcare,Small Business,Austria,Vienna,32032,2023-02-23,19
655,"Fox, Jordan and Wilson",Individual,Logistics,Consumer,Spain,Barcelona,90765,2025-05-28,15
656,Arnold Ltd,Company,Manufacturing,Corporate,Austria,Vienna,29000,2025-01-07,3
657,Williams Inc,Individual,Healthcare,Corporate,Austria,Vienna,50255,2026-07-27,13
658,Oliver LLC,Individual,Finance,Small Business,Italy,Milan,01729,2023-08-14,12
659,Mcdonald-Cox,Company,Logistics,Corporate,Switzerland,Zurich,32910,2023-11-09,15
660,Pierce-Martin,Individual,Finance,Corporate,Austria,Vienna,76148,2025-10-16,9
661,"Bishop, Dennis and Butler",Individual,Manufacturing,Small Business,France,Lyon,14573,2024-05-17,14
662,Alvarado Group,Company,IT,Corporate,France,Marseille,96282,2024-03-08,7
663,"Martin, Russell and Castaneda",Company,Logistics,Small Business,Switzerland,Zurich,60469,2024-01-01,6
664,Simpson-Marsh,Company,Retail,Corporate,Belgium,Brussels,90891,2024-01-29,3
665,"Arellano, Allen and Lewis",Company,Telecommunications,Consumer,Italy,Milan,63917,2023-08-15,4
666,"Valencia, Little and Evans",Company,Telecommunications,Corporate,Netherlands,Amsterdam,12858,2025-12-07,2
667,Patton Inc,Company,Manufacturing,Consumer,Spain,Barcelona,25650,2024-10-02,9
668,"Martin, Carpenter and York",Individual,Manufacturing,Consumer,Spain,Madrid,54832,2023-10-21,3
669,Phillips and Sons,Individual,Telecommunications,Small Business,Austria,Vienna,31555,2023-12-27,8
670,Morrison-Henderson,Individual,Retail,Consumer,Belgium,Brussels,79398,2024-03-10,15
671,Brown and Sons,Individual,Telecommunications,Corporate,Italy,Milan,04245,2022-08-29,20
672,Robertson-Clayton,Individual,IT,Corporate,Austria,Vienna,30310,2024-03-20,11
673,Clark-Thompson,Individual,Healthcare,Small Business,Spain,Barcelona,52174,2023-06-06,20
674,"Bolton, Pearson and Lewis",Company,IT,Small Business,France,Marseille,56626,2024-10-27,10
675,Abbott Ltd,Individual,Telecommunications,Corporate,France,Lyon,26412,2022-10-29,11
676,Bell Group,Company,Telecommunications,Corporate,Belgium,Brussels,21729,2024-08-01,14
677,Ross-Collins,Company,Healthcare,Small Business,Netherlands,Amsterdam,67845,2026-03-18,5
678,"Sharp, Wilson and Bauer",Individual,IT,Corporate,France,Marseille,48140,2023-08-29,18
679,"Wright, Zimmerman and Norton",Individual,Retail,Small Business,Spain,Barcelona,43284,2022-09-06,15
680,"Collins, Tran and Huynh",Company,Education,Corporate,Switzerland,Zurich,86445,2022-09-18,5
681,Robinson-Cruz,Individual,IT,Consumer,Netherlands,Amsterdam,45408,2022-12-25,7
682,Stewart-Lawrence,Company,Healthcare,Consumer,Germany,Berlin,98181,2025-01-23,2
683,Sparks-Morris,Company,Manufacturing,Corporate,Belgium,Brussels,30119,2024-11-14,18
684,"Garza, Martin and Lyons",Individual,Logistics,Corporate,Netherlands,Amsterdam,62862,2023-07-15,11
685,Herrera-Lewis,Company,Education,Corporate,Austria,Vienna,42370,2024-11-09,9
686,Doyle and Sons,Individual,Logistics,Small Business,Belgium,Brussels,65376,2022-09-03,12
687,Mason-Hunter,Company,Retail,Corporate,Spain,Madrid,18084,2024-06-16,11
688,Chavez-Clarke,Individual,IT,Small Business,Austria,Vienna,74312,2025-12-22,17
689,"Garcia, Robertson and Miller",Individual,Logistics,Corporate,Spain,Madrid,20715,2025-08-26,12
690,"Allen, Nelson and Jensen",Individual,Healthcare,Small Business,Switzerland,Zurich,56767,2025-05-27,5
691,Smith-Reed,Individual,Healthcare,Consumer,France,Paris,36897,2023-07-19,20
692,Hall-Lopez,Company,Logistics,Consumer,Austria,Vienna,07128,2025-03-02,10
693,Bradley Ltd,Individual,Finance,Small Business,France,Marseille,01268,2024-07-22,15
694,"Bates, Mooney and Joyce",Individual,Education,Corporate,Austria,Vienna,50718,2024-03-23,8
695,Estrada-Stevens,Individual,Education,Corporate,Italy,Milan,68188,2023-10-20,2
696,"Jordan, Hayes and Greene",Company,Education,Consumer,Austria,Vienna,96333,2024-02-07,10
697,"Bailey, Moore and Garza",Individual,Logistics,Small Business,Netherlands,Amsterdam,37045,2023-01-15,11
698,Hoffman-Harvey,Company,IT,Small Business,Netherlands,Amsterdam,66027,2024-01-20,8
699,"Chandler, Hudson and White",Individual,Manufacturing,Corporate,Austria,Vienna,11333,2025-05-07,7
700,Arnold Group,Individual,IT,Small Business,Switzerland,Zurich,37625,2025-04-02,6
701,Patrick Inc,Individual,Education,Corporate,France,Paris,01560,2025-10-01,2
702,Wolfe and Sons,Company,Retail,Corporate,Italy,Milan,57494,2022-09-26,7
703,"Jackson, Burns and Roberts",Individual,Manufacturing,Corporate,Netherlands,Amsterdam,53559,2025-12-27,5
704,Snow-Jackson,Individual,Retail,Consumer,France,Marseille,54169,2023-03-20,9
705,Webster PLC,Company,Telecommunications,Consumer,Austria,Vienna,45708,2025-07-10,19
706,"Allen, Jones and Rangel",Company,Finance,Consumer,Spain,Barcelona,50828,2023-07-25,10
707,"Shields, King and Santos",Company,Telecommunications,Small Business,Netherlands,Amsterdam,85239,2023-05-31,8
708,Gay PLC,Company,Finance,Consumer,Italy,Milan,01729,2024-01-06,16
709,Griffith-Allen,Company,Education,Small Business,Netherlands,Amsterdam,76767,2023-02-22,6
710,"Diaz, Salinas and Lambert",Individual,Telecommunications,Small Business,Netherlands,Amsterdam,52995,2023-12-12,3
711,Sullivan-Simpson,Individual,Logistics,Small Business,Netherlands,Amsterdam,34512,2024-05-17,3
712,"Kelly, Edwards and Figueroa",Individual,Telecommunications,Corporate,Switzerland,Zurich,14697,2026-02-16,14
713,Williams Inc,Company,IT,Corporate,France,Marseille,41033,2023-04-29,5
714,Miller-Miller,Company,Education,Consumer,Austria,Vienna,73575,2024-06-01,13
715,Cervantes-Willis,Individual,IT,Consumer,Italy,Rome,16837,2025-08-14,15
716,Martinez Ltd,Company,Education,Consumer,Belgium,Brussels,01816,2026-05-02,5
717,Boyd PLC,Individual,Manufacturing,Corporate,Austria,Vienna,92651,2023-10-11,20
718,"Sosa, Klein and Ramirez",Individual,Manufacturing,Corporate,Austria,Vienna,04677,2025-11-24,13
719,Lewis and Sons,Company,Healthcare,Corporate,Spain,Madrid,16535,2023-04-17,17
720,"Porter, Ramirez and Harrison",Individual,Education,Consumer,Austria,Vienna,89251,2026-06-23,9
721,Clark LLC,Individual,IT,Consumer,Switzerland,Zurich,37594,2024-07-31,13
722,Martin PLC,Company,Finance,Small Business,Austria,Vienna,50305,2024-08-10,18
723,Owens LLC,Individual,Manufacturing,Corporate,Spain,Barcelona,03040,2023-10-07,16
724,"Meyer, Hall and Diaz",Individual,Logistics,Small Business,France,Lyon,87180,2026-02-22,2
725,Cox-Hammond,Individual,Healthcare,Consumer,Italy,Milan,92516,2023-03-02,4
726,Ponce LLC,Individual,IT,Small Business,Austria,Vienna,14399,2024-01-07,17
727,"Ali, Thomas and Miles",Company,Telecommunications,Corporate,Switzerland,Zurich,26792,2024-05-14,14
728,"Robertson, Quinn and Campos",Company,Telecommunications,Consumer,Netherlands,Amsterdam,76360,2024-11-23,9
729,Thomas-Vance,Company,Finance,Corporate,Germany,Hamburg,87638,2023-10-29,12
730,Rangel LLC,Individual,Finance,Small Business,Austria,Vienna,74657,2025-09-03,3
731,West-Dyer,Company,Manufacturing,Small Business,France,Marseille,55153,2023-11-02,19
732,Schmitt and Sons,Individual,Telecommunications,Consumer,Netherlands,Amsterdam,44233,2026-03-31,1
733,Camacho-Hardy,Individual,Telecommunications,Small Business,Netherlands,Amsterdam,76377,2024-01-01,13
734,"Decker, Schroeder and Murray",Company,Telecommunications,Small Business,Switzerland,Zurich,13185,2025-08-20,20
735,White LLC,Individual,Manufacturing,Consumer,Belgium,Brussels,98340,2023-09-06,13
736,Rogers-Griffin,Individual,Telecommunications,Small Business,Spain,Madrid,78079,2023-12-27,3
737,Jackson LLC,Company,Education,Small Business,Belgium,Brussels,92217,2024-06-25,15
738,Rodriguez and Sons,Individual,Education,Small Business,Spain,Barcelona,25323,2025-03-02,15
739,Lopez-Moss,Individual,Telecommunications,Consumer,Italy,Milan,13117,2022-12-22,4
740,Johnson Ltd,Company,Healthcare,Consumer,Netherlands,Amsterdam,76799,2024-06-10,13
741,"Hahn, Galloway and David",Individual,Retail,Corporate,Germany,Hamburg,57346,2026-07-05,9
742,Miller LLC,Individual,IT,Corporate,Austria,Vienna,98772,2026-01-24,20
743,"Wood, Lucas and Moore",Company,Manufacturing,Consumer,Netherlands,Amsterdam,51930,2024-01-06,2
744,Jenkins Ltd,Individual,Telecommunications,Corporate,Germany,Frankfurt,16599,2025-05-27,15
745,Welch-Black,Individual,IT,Consumer,Switzerland,Zurich,21754,2023-11-28,19
746,Sullivan-Burns,Company,Finance,Consumer,Switzerland,Zurich,71087,2024-11-26,6
747,Cruz PLC,Company,Healthcare,Corporate,Belgium,Brussels,03433,2024-02-15,15
748,"Bell, Rogers and Bell",Individual,Education,Corporate,Spain,Madrid,36559,2023-07-01,9
749,Garrett-Archer,Company,Education,Small Business,Belgium,Brussels,19953,2025-01-21,4
750,Mitchell Group,Company,Logistics,Corporate,Spain,Madrid,46678,2024-03-18,4
751,Baldwin LLC,Individual,IT,Small Business,France,Paris,60667,2023-11-10,17
752,"Edwards, Reyes and Yates",Individual,Healthcare,Corporate,Spain,Barcelona,12437,2024-09-23,7
753,Morris Group,Company,Retail,Corporate,Belgium,Brussels,55807,2025-11-16,10
754,Norman LLC,Company,Manufacturing,Small Business,Germany,Frankfurt,76736,2022-11-30,19
755,"Williams, Garcia and Rhodes",Company,Manufacturing,Corporate,Switzerland,Zurich,18033,2023-10-18,19
756,Salas Group,Company,Education,Consumer,Germany,Hamburg,51082,2025-05-22,11
757,Garcia Inc,Company,Manufacturing,Corporate,Belgium,Brussels,76329,2023-02-02,11
758,Mckenzie-Gonzalez,Company,IT,Small Business,Spain,Barcelona,83373,2025-02-17,14
759,Zavala and Sons,Individual,Finance,Corporate,Austria,Vienna,92001,2026-03-07,3
760,York Group,Company,Telecommunications,Corporate,Spain,Barcelona,37074,2022-08-21,5
761,"Reeves, Watts and Gonzalez",Company,Telecommunications,Corporate,Switzerland,Zurich,08408,2024-07-25,4
762,"Lopez, Moreno and Cabrera",Individual,Education,Small Business,Italy,Rome,06060,2026-06-15,15
763,"Schmidt, Jones and Schneider",Company,Education,Corporate,Belgium,Brussels,21196,2023-07-04,11
764,Jennings-Carter,Individual,Healthcare,Consumer,Spain,Madrid,54635,2023-05-18,13
765,"Stephenson, Burgess and Barton",Individual,Retail,Corporate,Switzerland,Zurich,57585,2023-07-10,19
766,Kelly Inc,Individual,Retail,Corporate,Belgium,Brussels,56325,2022-10-09,17
767,Baker Ltd,Company,Education,Small Business,Netherlands,Amsterdam,00613,2025-12-05,10
768,Mendoza-Riley,Company,Retail,Small Business,Belgium,Brussels,19880,2025-07-03,19
769,"Wallace, Meadows and Thompson",Individual,Retail,Small Business,Italy,Rome,66538,2023-10-08,10
770,Sawyer PLC,Company,Retail,Corporate,Spain,Barcelona,28047,2024-01-23,13
771,Myers Inc,Individual,Manufacturing,Consumer,Netherlands,Amsterdam,64157,2024-11-17,9
772,"Romero, Scott and Johnson",Company,Retail,Corporate,Italy,Milan,05930,2025-12-28,9
773,Ellison Group,Individual,Finance,Consumer,Spain,Barcelona,37915,2023-08-01,17
774,Holmes-Ross,Individual,IT,Small Business,Italy,Milan,66337,2023-06-06,15
775,Bowman-Adams,Company,Education,Small Business,Spain,Barcelona,06217,2022-08-20,12
776,Cook-Peters,Company,Healthcare,Small Business,France,Lyon,07249,2025-03-26,18
777,Smith Group,Individual,Manufacturing,Consumer,Spain,Barcelona,30431,2022-09-01,13
778,"Snyder, Reeves and Reilly",Company,Healthcare,Small Business,France,Paris,38477,2024-05-16,9
779,"Cox, Garrison and Melton",Company,Manufacturing,Consumer,Germany,Cologne,38139,2024-11-23,15
780,"Rodriguez, Gilbert and Pope",Individual,Education,Consumer,Spain,Madrid,03871,2023-12-05,4
781,"Vang, Buchanan and West",Company,Retail,Small Business,Spain,Madrid,59332,2026-07-15,9
782,"Gardner, Jones and Lane",Individual,Telecommunications,Consumer,Belgium,Brussels,43832,2025-03-16,5
783,Carson Inc,Individual,Finance,Small Business,Austria,Vienna,15136,2023-10-14,16
784,"Ali, Arnold and Murray",Company,Telecommunications,Consumer,France,Lyon,85430,2026-06-17,3
785,"Brown, Young and Brown",Company,Education,Consumer,France,Lyon,09693,2022-08-28,4
786,Mendez-Fox,Company,Manufacturing,Consumer,Germany,Berlin,72995,2023-03-15,2
787,"Price, Green and Mitchell",Company,Education,Corporate,Germany,Cologne,07963,2023-12-31,4
788,"Ford, Simon and Griffin",Company,Telecommunications,Corporate,Switzerland,Zurich,57395,2024-12-07,20
789,Mcgee-Matthews,Individual,Education,Small Business,Belgium,Brussels,10455,2024-06-11,11
790,George and Sons,Individual,Logistics,Consumer,Spain,Madrid,05298,2026-07-04,5
791,"Perkins, Ray and Cox",Individual,IT,Small Business,Switzerland,Zurich,96581,2025-07-10,14
792,Horne-Conley,Company,Education,Corporate,Austria,Vienna,53144,2022-12-14,3
793,Garcia Inc,Company,Telecommunications,Corporate,Spain,Barcelona,53824,2023-01-04,10
794,Richard-Armstrong,Company,Telecommunications,Corporate,Spain,Barcelona,62432,2024-05-22,1
795,"Davis, Martinez and Weaver",Individual,Finance,Corporate,Spain,Barcelona,56951,2026-03-06,19
796,"Harper, Lopez and Rodriguez",Company,Telecommunications,Small Business,Spain,Madrid,65977,2023-09-02,13
797,"Hart, Garcia and Castro",Individual,Finance,Small Business,Italy,Milan,61265,2025-04-17,18
798,Glover-Dawson,Company,Telecommunications,Consumer,Austria,Vienna,63899,2025-12-07,11
799,Williams and Sons,Individual,Logistics,Consumer,France,Paris,02813,2022-08-05,14
800,Howard Ltd,Company,Telecommunications,Corporate,Austria,Vienna,80112,2026-03-25,9
801,Aguirre-Berry,Individual,Manufacturing,Corporate,Switzerland,Zurich,23727,2023-09-12,12
802,French and Sons,Individual,Healthcare,Corporate,Spain,Madrid,79750,2024-04-19,5
803,Diaz LLC,Individual,Education,Corporate,France,Paris,04583,2026-06-01,10
804,Salazar-Spencer,Individual,Finance,Corporate,France,Marseille,90275,2024-08-05,1
805,Gilbert-Obrien,Individual,Healthcare,Small Business,Italy,Rome,10875,2023-06-19,9
806,George Group,Company,IT,Small Business,Spain,Barcelona,64673,2023-11-16,20
807,Carter LLC,Company,Finance,Consumer,France,Paris,87685,2024-03-22,18
808,"Rocha, Washington and Lee",Individual,Telecommunications,Small Business,Spain,Madrid,31594,2023-10-07,15
809,"Montoya, Freeman and Simmons",Individual,IT,Small Business,Italy,Rome,70970,2022-08-12,9
810,Cherry-Anderson,Individual,Manufacturing,Corporate,Spain,Barcelona,53132,2024-12-29,12
811,"Cuevas, Alvarez and Garcia",Company,Education,Small Business,Switzerland,Zurich,88233,2026-06-04,17
812,Torres PLC,Company,IT,Small Business,Switzerland,Zurich,56189,2023-02-03,7
813,"Stokes, Johnson and Pena",Company,Education,Consumer,Italy,Rome,48101,2023-10-13,8
814,Deleon-Bartlett,Company,Healthcare,Small Business,France,Paris,98548,2023-01-30,2
815,Kerr Inc,Company,Logistics,Small Business,Austria,Vienna,44402,2023-10-14,10
816,Golden Inc,Company,Telecommunications,Corporate,Germany,Berlin,80160,2026-05-19,4
817,"Morgan, Schneider and Hughes",Company,IT,Consumer,Belgium,Brussels,18172,2024-08-02,11
818,"Morgan, Lamb and Hernandez",Individual,Manufacturing,Corporate,France,Paris,42913,2023-10-21,9
819,Dean Group,Company,IT,Corporate,Germany,Frankfurt,01319,2025-09-09,11
820,Martin-Duncan,Company,Healthcare,Consumer,Netherlands,Amsterdam,44352,2023-05-21,19
821,Anderson PLC,Company,IT,Corporate,Belgium,Brussels,30015,2025-10-05,12
822,"Ramirez, Lewis and Cabrera",Individual,Manufacturing,Corporate,Belgium,Brussels,92967,2022-12-10,17
823,"Martin, Hernandez and Armstrong",Company,IT,Corporate,Spain,Madrid,01481,2024-01-31,10
824,"Cain, White and Wise",Individual,Education,Small Business,Switzerland,Zurich,73370,2023-10-06,1
825,Flores Ltd,Individual,Education,Consumer,France,Paris,04356,2024-05-28,19
826,Gilbert and Sons,Individual,IT,Consumer,Germany,Munich,21162,2025-07-23,19
827,"Johnson, Jensen and Miles",Company,Finance,Corporate,Germany,Cologne,82205,2026-05-07,12
828,Wilson-Lucero,Company,IT,Small Business,Spain,Madrid,41399,2023-10-04,14
829,"Williams, Bell and Booker",Individual,Telecommunications,Small Business,Spain,Barcelona,95002,2026-01-19,5
830,"Adams, Martin and Smith",Individual,Logistics,Corporate,Italy,Rome,25802,2023-03-27,3
831,"Blair, Mcdonald and Mercado",Individual,Logistics,Small Business,Germany,Munich,33702,2025-05-27,18
832,Adkins-Camacho,Individual,Finance,Consumer,Italy,Milan,08525,2024-11-04,1
833,Cook-Kane,Company,Finance,Consumer,Switzerland,Zurich,37468,2026-02-15,16
834,Todd Group,Individual,Manufacturing,Consumer,France,Lyon,39236,2023-03-06,20
835,Murillo-Moore,Company,Finance,Corporate,France,Marseille,67786,2023-05-02,3
836,Gardner Ltd,Company,Finance,Corporate,Netherlands,Amsterdam,03336,2023-03-30,11
837,"Hall, Reilly and Brown",Company,IT,Small Business,Italy,Milan,53737,2024-01-30,20
838,"Griffin, Sanford and Dixon",Individual,Finance,Small Business,Spain,Barcelona,88573,2022-09-11,13
839,Cain-Munoz,Individual,Retail,Small Business,France,Lyon,35388,2025-05-27,2
840,Moore and Sons,Individual,Telecommunications,Small Business,Germany,Berlin,58288,2024-10-29,14
841,Meyer LLC,Company,Healthcare,Consumer,Austria,Vienna,74108,2024-07-30,15
842,"Galvan, Garcia and Pierce",Individual,Manufacturing,Consumer,Austria,Vienna,64519,2026-07-30,1
843,Reed PLC,Individual,IT,Small Business,Switzerland,Zurich,19221,2025-10-27,7
844,Chandler-Bryant,Individual,Logistics,Small Business,Belgium,Brussels,26886,2023-09-18,1
845,"Anderson, Jones and Mcdaniel",Company,Healthcare,Consumer,Belgium,Brussels,62214,2023-05-13,5
846,Moore PLC,Individual,Retail,Small Business,France,Paris,58879,2022-10-05,3
847,Berg-Cruz,Company,Telecommunications,Corporate,Italy,Milan,84397,2024-11-05,3
848,Mitchell and Sons,Company,Logistics,Consumer,Switzerland,Zurich,14412,2025-09-30,4
849,"Lewis, Martinez and Duncan",Company,Telecommunications,Corporate,Germany,Hamburg,07921,2023-11-12,4
850,Greene-Morse,Company,Telecommunications,Corporate,France,Paris,67350,2026-07-08,10
851,Ware-Clark,Company,Manufacturing,Small Business,Austria,Vienna,95589,2022-09-07,3
852,Smith Group,Individual,Retail,Small Business,Germany,Hamburg,06646,2022-10-03,19
853,"Lee, Frazier and Estes",Individual,Telecommunications,Corporate,Switzerland,Zurich,94965,2022-10-15,15
854,Jenkins-Gomez,Company,Finance,Consumer,Netherlands,Amsterdam,45652,2025-02-15,5
855,"Walter, Kelly and Hines",Company,Education,Corporate,Belgium,Brussels,85965,2025-09-01,11
856,"Arellano, Martinez and Davenport",Company,Logistics,Corporate,Austria,Vienna,54157,2022-09-14,20
857,"Jackson, Hudson and Carrillo",Individual,Retail,Corporate,Austria,Vienna,92033,2025-01-14,10
858,Williams-Nelson,Company,Education,Corporate,Italy,Rome,92588,2024-10-19,16
859,Hernandez and Sons,Company,Retail,Corporate,Belgium,Brussels,60099,2026-01-01,19
860,Evans PLC,Company,IT,Consumer,France,Lyon,54847,2024-07-04,15
861,"Kemp, Thomas and Parker",Individual,Telecommunications,Corporate,Germany,Frankfurt,92257,2022-09-10,14
862,Baker-Yoder,Individual,Finance,Corporate,Netherlands,Amsterdam,40538,2022-08-27,5
863,Miles and Sons,Individual,Finance,Consumer,Austria,Vienna,67719,2025-05-13,12
864,Barrett-Holmes,Company,Retail,Consumer,Austria,Vienna,93981,2024-10-03,12
865,Hurst-Powell,Individual,Finance,Small Business,Spain,Madrid,33027,2024-03-17,14
866,Cuevas Inc,Individual,Education,Consumer,France,Marseille,12095,2026-02-13,19
867,"Glover, Miller and Gray",Company,Manufacturing,Consumer,Switzerland,Zurich,58585,2023-04-09,13
868,Evans Inc,Individual,IT,Corporate,Netherlands,Amsterdam,30927,2026-01-16,7
869,"Thompson, Navarro and Grant",Company,Education,Corporate,Austria,Vienna,76462,2023-01-24,2
870,Rowland-Davis,Company,Logistics,Consumer,Belgium,Brussels,77063,2024-05-03,10
871,Carpenter Ltd,Company,Manufacturing,Consumer,Switzerland,Zurich,33292,2025-06-18,2
872,Smith-Walker,Individual,Retail,Small Business,Germany,Munich,67035,2024-01-31,2
873,Taylor-Mack,Individual,Finance,Consumer,France,Paris,33846,2024-07-03,8
874,"Porter, Long and Williams",Company,IT,Corporate,Netherlands,Amsterdam,44595,2024-10-12,16
875,Bailey LLC,Company,Manufacturing,Corporate,Switzerland,Zurich,88810,2023-06-07,10
876,"Gonzalez, Costa and Lowe",Individual,Telecommunications,Small Business,Spain,Madrid,04429,2024-05-17,19
877,"Olson, Ramos and Green",Individual,Manufacturing,Consumer,Spain,Madrid,09989,2025-08-16,17
878,Moore-Anderson,Individual,Logistics,Corporate,Germany,Hamburg,79178,2022-10-27,19
879,Griffin and Sons,Individual,Telecommunications,Small Business,Switzerland,Zurich,84562,2024-03-19,20
880,Torres-Ramos,Individual,Healthcare,Small Business,Germany,Frankfurt,22461,2024-08-07,9
881,Martin Group,Company,IT,Corporate,Italy,Milan,46227,2024-02-20,17
882,Parrish Group,Company,IT,Corporate,Switzerland,Zurich,09975,2022-09-25,2
883,Reid-Floyd,Individual,Healthcare,Corporate,Germany,Frankfurt,64934,2025-10-11,20
884,Kaiser-Vargas,Company,Finance,Consumer,Austria,Vienna,74067,2026-02-10,19
885,"Lam, Doyle and Anderson",Company,Education,Small Business,Spain,Barcelona,77579,2024-04-06,19
886,Adams-Johnson,Company,Retail,Small Business,France,Lyon,46796,2025-08-14,2
887,"Pope, Elliott and West",Individual,Manufacturing,Consumer,Italy,Rome,95147,2025-07-15,15
888,Jones-Shaw,Individual,Telecommunications,Small Business,Switzerland,Zurich,38715,2025-12-28,13
889,Welch LLC,Company,Finance,Corporate,Belgium,Brussels,40793,2025-12-09,7
890,Alvarado Group,Company,Logistics,Corporate,Netherlands,Amsterdam,53273,2023-06-26,16
891,Johnson and Sons,Company,Healthcare,Corporate,Germany,Hamburg,82286,2024-02-19,4
892,Haynes Ltd,Company,Education,Consumer,France,Paris,89758,2024-12-27,14
893,Johnson-Kelly,Company,Healthcare,Corporate,Germany,Berlin,07606,2026-05-03,8
894,James LLC,Individual,Education,Corporate,Germany,Berlin,18553,2024-08-10,8
895,Rodriguez-Thompson,Individual,Telecommunications,Consumer,Spain,Barcelona,90758,2023-12-10,13
896,Martin PLC,Individual,IT,Small Business,France,Paris,23234,2023-02-24,15
897,Rice Ltd,Individual,Telecommunications,Consumer,France,Marseille,58321,2023-02-24,4
898,Davis and Sons,Individual,Manufacturing,Consumer,Spain,Barcelona,21742,2025-04-06,9
899,"Bonilla, Brandt and Hammond",Individual,Logistics,Consumer,Belgium,Brussels,04232,2026-07-18,12
900,"Mann, Daniels and Schroeder",Individual,Healthcare,Small Business,Netherlands,Amsterdam,98600,2022-09-26,16
901,Moore-Brown,Individual,Manufacturing,Small Business,Switzerland,Zurich,64621,2023-04-24,11
902,Kerr and Sons,Individual,IT,Corporate,France,Paris,77251,2022-09-23,14
903,Kennedy LLC,Individual,Finance,Small Business,Netherlands,Amsterdam,99779,2022-09-05,15
904,"Guerrero, Boyer and Brooks",Individual,Retail,Consumer,France,Lyon,82357,2024-07-06,5
905,Smith-Pitts,Company,Finance,Consumer,Austria,Vienna,25467,2025-12-26,15
906,Salazar-Hernandez,Individual,Healthcare,Consumer,France,Paris,06575,2025-08-13,4
907,Rogers-Edwards,Individual,Healthcare,Small Business,Belgium,Brussels,72051,2024-11-02,2
908,White PLC,Individual,Retail,Consumer,France,Marseille,86074,2025-05-23,8
909,Herrera Ltd,Company,IT,Corporate,Netherlands,Amsterdam,87633,2022-10-06,5
910,Briggs-Ramirez,Individual,Finance,Small Business,Austria,Vienna,36935,2023-01-28,19
911,Ballard-Wade,Individual,Healthcare,Consumer,France,Marseille,49727,2025-09-25,11
912,"Grimes, Bush and Burke",Individual,Logistics,Corporate,Italy,Rome,87095,2025-09-16,18
913,"Daniels, Collins and Bailey",Individual,Telecommunications,Small Business,Austria,Vienna,09194,2024-03-14,19
914,Johnson-Johnson,Individual,IT,Corporate,Italy,Milan,16960,2024-02-25,10
915,Flowers Ltd,Company,Finance,Small Business,France,Lyon,25821,2025-07-15,15
916,"Simmons, Pham and Wagner",Individual,IT,Consumer,Belgium,Brussels,61070,2023-08-23,1
917,Jackson Ltd,Company,Finance,Small Business,Spain,Madrid,82474,2026-01-09,11
918,Guzman Inc,Individual,Manufacturing,Corporate,Germany,Munich,45442,2023-12-11,5
919,Dougherty Inc,Company,Telecommunications,Consumer,Spain,Barcelona,09261,2022-10-26,1
920,"Robinson, Allen and Estrada",Individual,Logistics,Consumer,Germany,Cologne,18076,2024-05-10,6
921,"Charles, Aguirre and Ross",Company,Retail,Corporate,Switzerland,Zurich,63853,2025-07-06,1
922,Smith PLC,Individual,IT,Small Business,Austria,Vienna,16428,2023-03-29,12
923,Johnson-Maddox,Company,Telecommunications,Corporate,Netherlands,Amsterdam,98601,2026-02-21,18
924,Perez-Wilson,Individual,Education,Consumer,Switzerland,Zurich,42241,2024-03-15,20
925,Casey-Baker,Company,IT,Small Business,Belgium,Brussels,47741,2022-11-05,5
926,Barajas Inc,Individual,Manufacturing,Corporate,Italy,Milan,10810,2024-04-09,19
927,Turner Group,Company,Retail,Small Business,Italy,Rome,57003,2026-01-25,12
928,Tanner and Sons,Company,Manufacturing,Consumer,Netherlands,Amsterdam,36235,2024-05-01,2
929,"Davis, Johnson and Knight",Company,Healthcare,Corporate,Belgium,Brussels,43888,2024-06-30,12
930,"Baker, Robertson and Wood",Individual,IT,Small Business,Netherlands,Amsterdam,91783,2025-01-13,9
931,"Smith, Baker and Adams",Company,Education,Small Business,Netherlands,Amsterdam,41063,2024-11-08,8
932,Byrd PLC,Individual,Healthcare,Consumer,Italy,Rome,04165,2025-03-13,10
933,"Griffin, Mueller and Green",Individual,IT,Consumer,Spain,Barcelona,97424,2025-03-03,1
934,"Jones, Stevenson and Wright",Individual,IT,Corporate,Italy,Rome,16189,2024-10-13,18
935,Conner Ltd,Company,Telecommunications,Small Business,Austria,Vienna,62038,2025-12-31,17
936,Potts Group,Company,Education,Small Business,Switzerland,Zurich,86741,2024-05-15,20
937,Harrison-Olsen,Company,Retail,Consumer,Italy,Rome,17865,2023-08-05,10
938,Robinson and Sons,Company,Telecommunications,Consumer,Netherlands,Amsterdam,76607,2023-10-11,19
939,"Hill, Lowe and Bradshaw",Company,IT,Small Business,Italy,Rome,02690,2023-05-05,4
940,"Murphy, Smith and Briggs",Company,Manufacturing,Corporate,Netherlands,Amsterdam,47140,2024-07-11,4
941,Miller and Sons,Company,Retail,Consumer,France,Lyon,66924,2022-09-30,20
942,Brown and Sons,Company,Telecommunications,Small Business,Belgium,Brussels,52085,2026-03-11,1
943,"Walker, Powers and Adams",Company,Finance,Consumer,Spain,Barcelona,48121,2024-05-03,18
944,"Cordova, Martin and Moody",Individual,Healthcare,Small Business,Belgium,Brussels,25820,2023-11-07,7
945,"Adkins, Berg and Allison",Company,Finance,Consumer,Germany,Berlin,51183,2023-03-31,8
946,Schwartz PLC,Individual,Retail,Small Business,Spain,Barcelona,17017,2023-12-30,9
947,Carr Group,Individual,IT,Small Business,Switzerland,Zurich,57190,2022-08-25,14
948,Tran-James,Company,Manufacturing,Small Business,Spain,Madrid,95265,2024-05-06,4
949,"Allen, Macias and Bishop",Company,IT,Small Business,Italy,Rome,87613,2024-06-25,15
950,Payne-Gaines,Individual,Logistics,Consumer,Italy,Milan,04338,2023-07-29,20
951,"Adams, Fitzgerald and Yoder",Individual,Education,Small Business,Belgium,Brussels,88883,2026-04-20,14
952,Garcia Inc,Company,Manufacturing,Small Business,Italy,Milan,69298,2025-09-16,9
953,Jackson Ltd,Company,Logistics,Consumer,Austria,Vienna,90741,2024-06-04,3
954,Alvarado LLC,Company,Telecommunications,Small Business,Austria,Vienna,49296,2025-10-22,2
955,Walker-Washington,Individual,Education,Corporate,France,Lyon,84265,2026-03-06,2
956,Williams-Diaz,Company,Telecommunications,Small Business,Spain,Madrid,91964,2025-01-12,11
957,"Daniels, Anderson and Greene",Individual,Logistics,Small Business,France,Marseille,71809,2026-04-18,5
958,Miller Inc,Individual,IT,Consumer,Austria,Vienna,92413,2025-03-20,20
959,Singleton Ltd,Company,Education,Small Business,Belgium,Brussels,52655,2026-02-27,13
960,Fry LLC,Individual,Education,Consumer,Austria,Vienna,91688,2025-12-28,9
961,Spencer-Howell,Company,Retail,Consumer,Spain,Madrid,90071,2023-03-26,13
962,Fuentes-Rodriguez,Company,Retail,Consumer,Netherlands,Amsterdam,75619,2024-12-04,8
963,Berry-Brooks,Company,Manufacturing,Corporate,Switzerland,Zurich,07543,2025-11-16,1
964,"Garrett, Hernandez and Payne",Company,Manufacturing,Small Business,France,Marseille,09328,2023-11-03,4
965,"Davis, Brown and Manning",Company,Education,Consumer,Netherlands,Amsterdam,73124,2024-08-25,6
966,"Petersen, Alvarado and Smith",Individual,Finance,Small Business,France,Lyon,23090,2022-11-09,10
967,"Webb, Hernandez and Harrington",Individual,IT,Corporate,Netherlands,Amsterdam,29475,2023-12-13,18
968,Tucker-Taylor,Company,Retail,Corporate,Belgium,Brussels,71416,2023-06-27,5
969,"Brooks, Reeves and Lee",Individual,Education,Consumer,Switzerland,Zurich,53727,2023-07-27,14
970,"Payne, Henson and Alexander",Company,Finance,Corporate,France,Lyon,91105,2023-06-12,19
971,Hanson PLC,Company,Retail,Corporate,Belgium,Brussels,26104,2024-05-06,7
972,Dunn and Sons,Company,Healthcare,Corporate,Austria,Vienna,71090,2026-04-12,11
973,Taylor LLC,Company,Finance,Consumer,Belgium,Brussels,92321,2023-12-26,14
974,Reid-Bennett,Individual,Healthcare,Consumer,Austria,Vienna,82578,2025-03-03,18
975,Hoover-Rodriguez,Individual,Finance,Consumer,Belgium,Brussels,25614,2026-02-21,9
976,Davis-Anderson,Individual,Manufacturing,Small Business,Belgium,Brussels,46831,2026-05-18,8
977,Love-Davis,Individual,Logistics,Small Business,Spain,Madrid,01242,2024-01-31,10
978,Sims PLC,Individual,Healthcare,Corporate,Spain,Barcelona,15258,2025-05-21,12
979,Norris and Sons,Company,Manufacturing,Small Business,Switzerland,Zurich,87652,2023-07-23,8
980,Avila-Reynolds,Individual,Logistics,Small Business,Belgium,Brussels,47627,2023-08-25,18
981,"Juarez, Green and Henry",Individual,Logistics,Consumer,Austria,Vienna,96303,2023-03-27,9
982,Cummings and Sons,Company,Logistics,Corporate,France,Marseille,57218,2025-06-03,4
983,"Hamilton, Williams and Booth",Individual,Manufacturing,Small Business,Spain,Madrid,71320,2023-11-18,11
984,"Barker, Blankenship and Hernandez",Individual,Logistics,Consumer,Switzerland,Zurich,12775,2024-02-24,10
985,Barr Ltd,Company,Telecommunications,Corporate,Belgium,Brussels,35303,2025-08-22,17
986,Davis-Estrada,Individual,Manufacturing,Corporate,Belgium,Brussels,24958,2026-03-31,8
987,Ray Ltd,Individual,Telecommunications,Small Business,Austria,Vienna,79578,2026-01-08,3
988,Carter-Walker,Individual,Retail,Corporate,Italy,Milan,99699,2026-03-13,16
989,"Chavez, Wright and Moreno",Company,Telecommunications,Consumer,Switzerland,Zurich,08625,2025-08-15,14
990,"Reyes, Johnson and Thompson",Individual,IT,Consumer,Italy,Rome,35564,2024-01-25,18
991,Hicks-Jacobson,Individual,Education,Corporate,Italy,Milan,58446,2025-02-01,1
992,"Simpson, Short and Adams",Company,Healthcare,Small Business,Belgium,Brussels,31034,2024-11-27,13
993,Johnson-Sullivan,Company,Manufacturing,Consumer,Italy,Milan,10326,2025-04-20,11
994,Brown-Nelson,Individual,Education,Consumer,France,Paris,67366,2025-04-11,12
995,Brennan PLC,Individual,Logistics,Small Business,Switzerland,Zurich,44531,2025-03-19,9
996,Harris Inc,Individual,Finance,Corporate,Switzerland,Zurich,37525,2025-02-22,14
997,Johnson-Johnson,Individual,Finance,Consumer,Belgium,Brussels,38008,2024-05-23,1
998,Mccann-Smith,Individual,Education,Corporate,Belgium,Brussels,71709,2025-02-19,10
999,Fernandez-Miller,Individual,Manufacturing,Corporate,France,Lyon,33549,2024-11-09,10
1000,"Snyder, Johnson and Hernandez",Individual,Finance,Small Business,Austria,Vienna,65677,2025-09-08,5
